posx1,posx2,posx3,posx4,posx5,posx6,posx7,posx8,posx9,posx10,posx11,posx12,posy1,posy2,posy3,posy4,posy5,posy6,posy7,posy8,posy9,posy10,posy11,posy12,orient1,orient2,orient3,orient4,orient5,orient6,orient7,orient8,orient9,orient10,orient11,orient12,letter1,letter2,letter3,letter4,letter5,letter6,letter7,letter8,letter9,letter10,letter11,letter12,index,direction,row_number,pos_sq_x1_1,pos_sq_y1_1,pos_sq_x2_1,pos_sq_y2_1,pos_sq_x3_1,pos_sq_y3_1,pos_sq_x4_1,pos_sq_y4_1,color_1,color_2,color_3,color_4,change_or_not,cor_ans,pos_sq_x1_2,pos_sq_y1_2,pos_sq_x2_2,pos_sq_y2_2,pos_sq_x3_2,pos_sq_y3_2,pos_sq_x4_2,pos_sq_y4_2,block,epoch,conf
-37,-121,-285,-214,-376,-120,43,204,298,118,296,36,-205,-125,-286,130,380,202,-124,-366,-45,298,41,369,270,90,0,270,0,180,90,270,0,180,90,180,L0.png,L0.png,L0.png,L0.png,L0.png,L0.png,L0.png,T0.png,L0.png,L0.png,L0.png,L0.png,8,right,10,"-290,5","-373,5","-124,5","-124,5","373,5","207,5","124,5","41,5",yellow,violet,black,blue,yes,d,"207,5","373,5","-124,5","-124,5","373,5","207,5","124,5","41,5",1,1,old
-37,-121,-285,-214,-376,-120,43,204,298,118,296,36,-205,-125,-286,130,380,202,-124,-366,-45,298,41,369,270,90,0,270,0,180,90,90,0,180,90,180,L0.png,L0.png,L0.png,L0.png,L0.png,L0.png,L0.png,T0.png,L0.png,L0.png,L0.png,L0.png,8,left,10,"290,5","207,5","-41,5","41,5","124,5","373,5","-373,5","-124,5",yellow,white,blue,green,yes,d,"-290,5","-124,5","-41,5","41,5","124,5","373,5","-373,5","-124,5",1,1,old
-295,-121,-36,-34,-214,-290,381,208,119,381,40,295,-38,-284,-118,295,132,213,-36,-372,-209,376,203,291,180,270,270,0,90,0,270,90,90,0,180,180,L0.png,L0.png,L0.png,L0.png,L0.png,L0.png,L0.png,L0.png,T0.png,L0.png,L0.png,L0.png,9,left,2,"41,5","290,5","207,5","41,5","373,5","-124,5","-207,5","-290,5",yellow,green,red,white,yes,d,"-373,5","-207,5","207,5","41,5","373,5","-124,5","-207,5","-290,5",1,1,old
-34,-292,-204,-43,-296,-369,43,128,377,371,47,119,-208,-381,-295,127,283,43,-288,-36,-371,35,123,299,0,270,270,90,90,180,90,180,0,270,0,180,L0.png,L0.png,L0.png,T0.png,L0.png,L0.png,L0.png,L0.png,L0.png,L0.png,L0.png,L0.png,4,left,new,"124,5","-373,5","373,5","290,5","-124,5","41,5","-373,5","-124,5",yellow,black,red,green,no,s,"124,5","-373,5","373,5","290,5","-124,5","41,5","-373,5","-124,5",1,1,new
-205,-124,-43,-46,-372,-295,202,285,126,366,47,206,-120,-42,-379,205,123,380,-128,-39,-204,381,205,288,180,180,0,0,0,270,90,90,180,270,270,90,L0.png,L0.png,L0.png,L0.png,L0.png,T0.png,L0.png,L0.png,L0.png,L0.png,L0.png,L0.png,6,right,new,"-290,5","-124,5","373,5","373,5","-124,5","207,5","41,5","41,5",red,black,white,green,no,s,"-290,5","-124,5","373,5","373,5","-124,5","207,5","41,5","41,5",1,1,new
-378,-132,-35,-210,-292,-43,203,43,288,375,45,210,-210,-379,-131,373,284,131,-376,-206,-287,117,371,47,0,90,90,180,90,270,180,0,270,0,270,180,L0.png,L0.png,L0.png,L0.png,L0.png,T0.png,L0.png,L0.png,L0.png,L0.png,L0.png,L0.png,6,right,new,"-373,5","41,5","-41,5","-124,5","-207,5","373,5","124,5","-373,5",yellow,red,green,white,yes,d,"-207,5","-373,5","-41,5","-124,5","-207,5","373,5","124,5","-373,5",1,1,new
-381,-202,-129,-125,-372,-293,374,41,121,288,209,117,-374,-125,-294,282,200,371,-286,-43,-126,373,36,123,90,0,180,270,90,90,0,180,90,180,270,0,L0.png,L0.png,L0.png,L0.png,L0.png,T0.png,L0.png,L0.png,L0.png,L0.png,L0.png,L0.png,6,left,5,"41,5","207,5","373,5","41,5","-373,5","-124,5","-207,5","373,5",white,green,violet,red,yes,d,"-373,5","-373,5","373,5","41,5","-373,5","-124,5","-207,5","373,5",1,1,old
-203,-289,-129,-379,-37,-130,367,202,294,203,296,123,-379,-207,-47,43,368,290,-42,-294,-381,284,200,50,180,90,90,0,270,180,270,0,90,0,90,180,L0.png,L0.png,L0.png,L0.png,L0.png,L0.png,L0.png,L0.png,T0.png,L0.png,L0.png,L0.png,9,left,11,"373,5","41,5","124,5","-124,5","-207,5","207,5","-373,5","-373,5",white,green,red,blue,no,s,"373,5","41,5","124,5","-124,5","-207,5","207,5","-373,5","-373,5",1,1,old
-44,-379,-284,-131,-213,-43,288,211,117,38,128,212,-131,-381,-292,201,130,41,-133,-214,-375,214,125,370,180,0,90,270,270,270,0,270,90,0,180,180,L0.png,L0.png,L0.png,L0.png,L0.png,T0.png,L0.png,L0.png,L0.png,L0.png,L0.png,L0.png,6,right,4,"207,5","207,5","-41,5","-207,5","-290,5","373,5","373,5","-373,5",blue,red,yellow,green,no,s,"207,5","207,5","-41,5","-207,5","-290,5","373,5","373,5","-373,5",1,1,old
-116,-39,-206,-125,-294,-46,285,204,376,378,43,289,-294,-34,-368,33,209,117,-41,-213,-286,127,205,292,90,90,0,90,180,180,0,270,270,180,270,0,L0.png,L0.png,L0.png,L0.png,L0.png,L0.png,L0.png,L0.png,L0.png,L0.png,T0.png,L0.png,11,right,3,"373,5","-207,5","-124,5","-373,5","207,5","373,5","41,5","-41,5",white,green,violet,yellow,no,s,"373,5","-207,5","-124,5","-373,5","207,5","373,5","41,5","-41,5",1,1,old
-209,-46,-123,-131,-284,-42,370,130,206,201,295,129,-294,-377,-35,205,119,294,-199,-368,-35,126,297,378,270,0,90,270,270,180,180,90,0,0,180,90,L0.png,L0.png,T0.png,L0.png,L0.png,L0.png,L0.png,L0.png,L0.png,L0.png,L0.png,L0.png,3,left,new,"373,5","-373,5","124,5","373,5","-290,5","-207,5","-124,5","41,5",red,yellow,black,blue,yes,d,"-207,5","41,5","124,5","373,5","-290,5","-207,5","-124,5","41,5",1,1,new
-381,-202,-129,-125,-372,-293,374,41,121,288,209,117,-374,-125,-294,282,200,371,-286,-43,-126,373,36,123,90,0,180,270,90,90,0,180,90,180,270,0,L0.png,L0.png,L0.png,L0.png,L0.png,T0.png,L0.png,L0.png,L0.png,L0.png,L0.png,L0.png,6,left,5,"124,5","290,5","-124,5","124,5","-373,5","-41,5","373,5","-290,5",green,blue,white,violet,yes,d,"290,5","-373,5","-124,5","124,5","-373,5","-41,5","373,5","-290,5",1,1,old
-116,-39,-206,-125,-294,-46,285,204,376,378,43,289,-294,-34,-368,33,209,117,-41,-213,-286,127,205,292,90,90,0,90,180,180,0,270,270,180,90,0,L0.png,L0.png,L0.png,L0.png,L0.png,L0.png,L0.png,L0.png,L0.png,L0.png,T0.png,L0.png,11,left,3,"207,5","207,5","-124,5","-373,5","373,5","373,5","-290,5","-207,5",red,black,green,yellow,yes,d,"-290,5","-207,5","-124,5","-373,5","373,5","373,5","-290,5","-207,5",1,1,old
-203,-289,-129,-379,-37,-130,367,202,294,203,296,123,-379,-207,-47,43,368,290,-42,-294,-381,284,200,50,180,90,90,0,270,180,270,0,90,0,90,180,L0.png,L0.png,L0.png,L0.png,L0.png,L0.png,L0.png,L0.png,T0.png,L0.png,L0.png,L0.png,9,left,11,"-290,5","373,5","290,5","-124,5","-41,5","-290,5","124,5","41,5",yellow,blue,red,green,no,s,"-290,5","373,5","290,5","-124,5","-41,5","-290,5","124,5","41,5",1,1,old
-287,-203,-127,-123,-205,-283,296,120,42,124,373,296,-288,-129,-206,283,200,366,-49,-200,-288,376,287,44,180,0,90,180,90,270,180,90,90,0,270,0,L0.png,L0.png,L0.png,L0.png,T0.png,L0.png,L0.png,L0.png,L0.png,L0.png,L0.png,L0.png,5,left,7,"-207,5","373,5","373,5","-373,5","207,5","-207,5","-373,5","207,5",red,violet,blue,white,no,s,"-207,5","373,5","373,5","-373,5","207,5","-207,5","-373,5","207,5",1,1,old
-207,-296,-41,-299,-43,-126,40,132,299,36,288,211,-214,-286,-41,290,374,131,-37,-295,-216,44,116,370,90,180,270,0,270,90,180,270,0,180,270,0,L0.png,L0.png,L0.png,L0.png,L0.png,L0.png,L0.png,T0.png,L0.png,L0.png,L0.png,L0.png,8,right,6,"-124,5","-373,5","373,5","373,5","207,5","-124,5","-290,5","124,5",violet,green,white,yellow,no,s,"-124,5","-373,5","373,5","373,5","207,5","-124,5","-290,5","124,5",1,1,old
-216,-132,-40,-210,-376,-40,298,37,122,208,369,291,-380,-215,-119,128,368,209,-36,-296,-368,35,291,123,180,270,90,90,0,270,0,180,180,90,270,0,L0.png,L0.png,L0.png,L0.png,L0.png,L0.png,L0.png,L0.png,L0.png,L0.png,T0.png,L0.png,11,right,new,"-124,5","207,5","41,5","41,5","-290,5","373,5","373,5","-373,5",yellow,green,violet,blue,yes,d,"290,5","-207,5","41,5","41,5","-290,5","373,5","373,5","-373,5",1,1,new
-377,-295,-211,-291,-372,-129,379,39,212,37,205,286,-376,-297,-212,124,286,213,-205,-374,-295,121,208,296,180,90,90,0,270,0,270,180,90,0,270,180,L0.png,L0.png,L0.png,L0.png,L0.png,L0.png,T0.png,L0.png,L0.png,L0.png,L0.png,L0.png,7,right,new,"-373,5","124,5","-41,5","-290,5","-207,5","-124,5","207,5","290,5",white,blue,violet,yellow,no,s,"-373,5","124,5","-41,5","-290,5","-207,5","-124,5","207,5","290,5",1,1,new
-379,-205,-286,-284,-215,-117,204,366,129,289,375,43,-213,-39,-124,36,369,121,-211,-285,-125,214,131,298,0,0,270,0,90,180,90,180,270,90,180,270,L0.png,L0.png,L0.png,L0.png,L0.png,L0.png,L0.png,L0.png,L0.png,T0.png,L0.png,L0.png,10,left,new,"373,5","124,5","207,5","-290,5","-373,5","-41,5","-207,5","290,5",green,blue,black,violet,no,s,"373,5","124,5","207,5","-290,5","-373,5","-41,5","-207,5","290,5",1,1,new
-287,-203,-127,-123,-205,-283,296,120,42,124,373,296,-288,-129,-206,283,200,366,-49,-200,-288,376,287,44,180,0,90,180,270,270,180,90,90,0,270,0,L0.png,L0.png,L0.png,L0.png,T0.png,L0.png,L0.png,L0.png,L0.png,L0.png,L0.png,L0.png,5,right,7,"207,5","-373,5","373,5","290,5","41,5","-207,5","-207,5","124,5",green,black,yellow,red,no,s,"207,5","-373,5","373,5","290,5","41,5","-207,5","-207,5","124,5",1,1,old
-119,-290,-201,-377,-123,-215,35,295,204,201,381,290,-288,-381,-212,376,202,132,-211,-298,-132,129,214,293,180,270,0,180,0,90,0,180,90,270,90,270,L0.png,L0.png,L0.png,L0.png,L0.png,L0.png,L0.png,L0.png,T0.png,L0.png,L0.png,L0.png,9,left,new,"-207,5","124,5","373,5","-373,5","-373,5","373,5","207,5","-207,5",blue,green,black,violet,yes,d,"124,5","-41,5","373,5","-373,5","-373,5","373,5","207,5","-207,5",1,1,new
-294,-204,-373,-207,-38,-287,41,376,216,215,378,292,-205,-120,-368,129,297,368,-203,-36,-133,377,284,35,90,270,0,90,180,180,0,180,0,270,90,270,L0.png,L0.png,L0.png,L0.png,L0.png,L0.png,L0.png,L0.png,L0.png,L0.png,L0.png,T0.png,12,right,new,"-207,5","124,5","207,5","290,5","-373,5","-41,5","41,5","-290,5",blue,black,violet,white,no,s,"-207,5","124,5","207,5","290,5","-373,5","-41,5","41,5","-290,5",1,1,new
-367,-128,-39,-380,-205,-125,216,129,287,128,210,287,-213,-126,-377,293,379,39,-205,-42,-287,292,376,206,180,270,90,0,270,0,180,270,90,180,0,90,L0.png,L0.png,L0.png,L0.png,L0.png,L0.png,L0.png,L0.png,L0.png,L0.png,L0.png,T0.png,12,left,new,"373,5","-124,5","-207,5","207,5","207,5","373,5","-373,5","41,5",red,green,violet,white,no,s,"373,5","-124,5","-207,5","207,5","207,5","373,5","-373,5","41,5",1,1,new
-379,-44,-292,-282,-124,-371,203,124,367,48,284,376,-44,-214,-126,284,368,132,-43,-372,-214,215,285,35,90,90,180,270,270,0,0,0,270,180,90,180,L0.png,L0.png,L0.png,T0.png,L0.png,L0.png,L0.png,L0.png,L0.png,L0.png,L0.png,L0.png,4,right,new,"207,5","-373,5","373,5","373,5","-207,5","207,5","-41,5","-207,5",yellow,black,blue,red,yes,d,"-124,5","124,5","373,5","373,5","-207,5","207,5","-41,5","-207,5",1,1,new
-203,-287,-380,-199,-33,-287,298,200,43,214,376,132,-206,-45,-380,42,371,210,-206,-293,-36,291,215,372,180,180,270,270,0,90,90,270,180,0,90,0,L0.png,L0.png,L0.png,L0.png,L0.png,L0.png,T0.png,L0.png,L0.png,L0.png,L0.png,L0.png,7,left,new,"-41,5","373,5","373,5","207,5","-290,5","-124,5","124,5","41,5",black,violet,yellow,red,no,s,"-41,5","373,5","373,5","207,5","-290,5","-124,5","124,5","41,5",1,1,new
-126,-214,-367,-210,-291,-378,203,121,291,215,126,293,-382,-207,-35,366,289,47,-376,-207,-117,118,285,40,270,270,0,0,180,180,90,0,90,270,180,90,T0.png,L0.png,L0.png,L0.png,L0.png,L0.png,L0.png,L0.png,L0.png,L0.png,L0.png,L0.png,1,right,new,"-41,5","41,5","124,5","207,5","-290,5","373,5","290,5","-124,5",black,white,yellow,red,no,s,"-41,5","41,5","124,5","207,5","-290,5","373,5","290,5","-124,5",1,1,new
-297,-212,-43,-216,-119,-381,209,295,376,284,372,49,-130,-35,-205,211,42,284,-206,-44,-299,33,214,288,0,90,270,180,180,270,0,270,180,90,90,0,L0.png,L0.png,L0.png,L0.png,L0.png,L0.png,L0.png,T0.png,L0.png,L0.png,L0.png,L0.png,8,right,new,"-124,5","207,5","373,5","-373,5","124,5","-41,5","-373,5","-207,5",blue,yellow,violet,white,yes,d,"41,5","-207,5","373,5","-373,5","124,5","-41,5","-373,5","-207,5",1,1,new
-286,-208,-122,-212,-42,-294,207,117,37,381,37,120,-45,-290,-207,295,122,216,-216,-298,-371,379,214,36,180,270,180,90,0,270,180,270,0,0,90,90,L0.png,L0.png,L0.png,L0.png,L0.png,L0.png,L0.png,L0.png,L0.png,L0.png,L0.png,T0.png,12,left,new,"-290,5","207,5","-124,5","373,5","207,5","-124,5","41,5","-290,5",green,yellow,blue,black,yes,d,"41,5","-373,5","-124,5","373,5","207,5","-124,5","41,5","-290,5",1,1,new
-287,-203,-127,-123,-205,-283,296,120,42,124,373,296,-288,-129,-206,283,200,366,-49,-200,-288,376,287,44,180,0,90,180,90,270,180,90,90,0,270,0,L0.png,L0.png,L0.png,L0.png,T0.png,L0.png,L0.png,L0.png,L0.png,L0.png,L0.png,L0.png,5,left,7,"373,5","-41,5","-124,5","124,5","207,5","-373,5","-290,5","-207,5",blue,violet,green,yellow,no,s,"373,5","-41,5","-124,5","124,5","207,5","-373,5","-290,5","-207,5",1,1,old
-44,-296,-212,-212,-46,-119,49,287,125,44,299,203,-368,-47,-202,202,366,122,-118,-297,-42,37,293,211,90,270,180,180,90,0,0,270,90,0,90,180,L0.png,L0.png,L0.png,L0.png,L0.png,L0.png,L0.png,L0.png,T0.png,L0.png,L0.png,L0.png,9,left,12,"-290,5","-373,5","41,5","41,5","-124,5","-207,5","373,5","290,5",green,black,yellow,red,no,s,"-290,5","-373,5","41,5","41,5","-124,5","-207,5","373,5","290,5",1,1,old
-289,-117,-374,-294,-118,-200,125,285,41,368,132,283,-285,-117,-209,297,121,42,-293,-202,-122,122,214,42,180,270,180,0,270,180,90,90,90,0,270,0,L0.png,T0.png,L0.png,L0.png,L0.png,L0.png,L0.png,L0.png,L0.png,L0.png,L0.png,L0.png,2,right,new,"-290,5","207,5","207,5","-124,5","41,5","41,5","-124,5","373,5",yellow,blue,black,violet,yes,d,"41,5","-373,5","207,5","-124,5","41,5","41,5","-124,5","373,5",1,1,new
-37,-205,-373,-120,-373,-46,290,379,44,369,293,41,-286,-46,-382,209,45,367,-37,-368,-285,200,124,382,270,0,180,180,90,0,270,90,180,270,0,90,L0.png,L0.png,L0.png,L0.png,L0.png,L0.png,L0.png,L0.png,L0.png,T0.png,L0.png,L0.png,10,right,new,"-124,5","-290,5","124,5","-41,5","290,5","373,5","-373,5","207,5",blue,green,red,violet,no,s,"-124,5","-290,5","124,5","-41,5","290,5","373,5","-373,5","207,5",1,1,new
-203,-289,-129,-379,-37,-130,367,202,294,203,296,123,-379,-207,-47,43,368,290,-42,-294,-381,284,200,50,180,90,90,0,270,180,270,0,270,0,90,180,L0.png,L0.png,L0.png,L0.png,L0.png,L0.png,L0.png,L0.png,T0.png,L0.png,L0.png,L0.png,9,right,11,"124,5","41,5","373,5","-207,5","-124,5","-373,5","-290,5","207,5",blue,white,green,violet,yes,d,"-124,5","-373,5","373,5","-207,5","-124,5","-373,5","-290,5","207,5",1,1,old
-208,-287,-122,-291,-127,-40,298,381,216,215,366,293,-297,-373,-128,378,215,120,-289,-380,-49,289,381,131,180,90,0,0,90,270,0,270,90,180,270,180,L0.png,L0.png,L0.png,L0.png,L0.png,L0.png,L0.png,L0.png,T0.png,L0.png,L0.png,L0.png,9,left,new,"-373,5","-207,5","290,5","-41,5","124,5","124,5","-124,5","-373,5",red,green,white,black,no,s,"-373,5","-207,5","290,5","-41,5","124,5","124,5","-124,5","-373,5",1,1,new
-116,-39,-206,-125,-294,-46,285,204,376,378,43,289,-294,-34,-368,33,209,117,-41,-213,-286,127,205,292,90,90,0,90,180,180,0,270,270,180,270,0,L0.png,L0.png,L0.png,L0.png,L0.png,L0.png,L0.png,L0.png,L0.png,L0.png,T0.png,L0.png,11,right,3,"290,5","290,5","124,5","-41,5","-373,5","-373,5","-207,5","124,5",green,violet,red,white,yes,d,"-290,5","-207,5","124,5","-41,5","-373,5","-373,5","-207,5","124,5",1,1,old
-124,-292,-373,-290,-37,-209,374,37,200,295,369,207,-286,-124,-367,288,207,123,-45,-287,-369,47,368,214,180,90,270,270,0,180,90,0,270,90,180,0,L0.png,L0.png,L0.png,T0.png,L0.png,L0.png,L0.png,L0.png,L0.png,L0.png,L0.png,L0.png,4,right,new,"290,5","-373,5","-124,5","124,5","-373,5","-41,5","124,5","-207,5",red,white,violet,blue,yes,d,"-290,5","373,5","-124,5","124,5","-373,5","-41,5","124,5","-207,5",1,1,new
-287,-203,-127,-123,-205,-283,296,120,42,124,373,296,-288,-129,-206,283,200,366,-49,-200,-288,376,287,44,180,0,90,180,90,270,180,90,90,0,270,0,L0.png,L0.png,L0.png,L0.png,T0.png,L0.png,L0.png,L0.png,L0.png,L0.png,L0.png,L0.png,5,left,7,"41,5","124,5","-373,5","-41,5","290,5","373,5","-124,5","-290,5",blue,violet,white,red,yes,d,"-124,5","-207,5","-373,5","-41,5","290,5","373,5","-124,5","-290,5",1,1,old
-37,-121,-285,-214,-376,-120,43,204,298,118,296,36,-205,-125,-286,130,380,202,-124,-366,-45,298,41,369,270,90,0,270,0,180,90,270,0,180,90,180,L0.png,L0.png,L0.png,L0.png,L0.png,L0.png,L0.png,T0.png,L0.png,L0.png,L0.png,L0.png,8,right,10,"41,5","373,5","-124,5","-290,5","-373,5","-41,5","207,5","124,5",white,red,blue,black,yes,d,"-290,5","-124,5","-124,5","-290,5","-373,5","-41,5","207,5","124,5",1,1,old
-44,-379,-284,-131,-213,-43,288,211,117,38,128,212,-131,-381,-292,201,130,41,-133,-214,-375,214,125,370,180,0,90,270,270,90,0,270,90,0,180,180,L0.png,L0.png,L0.png,L0.png,L0.png,T0.png,L0.png,L0.png,L0.png,L0.png,L0.png,L0.png,6,left,4,"41,5","41,5","-373,5","373,5","373,5","-124,5","-124,5","-290,5",violet,green,yellow,white,no,s,"41,5","41,5","-373,5","373,5","373,5","-124,5","-124,5","-290,5",1,1,old
-207,-296,-41,-299,-43,-126,40,132,299,36,288,211,-214,-286,-41,290,374,131,-37,-295,-216,44,116,370,90,180,270,0,270,90,180,270,0,180,270,0,L0.png,L0.png,L0.png,L0.png,L0.png,L0.png,L0.png,T0.png,L0.png,L0.png,L0.png,L0.png,8,right,6,"373,5","-41,5","-290,5","-207,5","41,5","-373,5","207,5","124,5",green,white,yellow,blue,yes,d,"124,5","124,5","-290,5","-207,5","41,5","-373,5","207,5","124,5",1,1,old
-289,-48,-132,-206,-35,-372,284,201,46,40,285,132,-371,-40,-212,202,48,376,-126,-39,-286,213,126,37,270,180,0,90,90,270,0,180,180,270,0,90,L0.png,L0.png,L0.png,T0.png,L0.png,L0.png,L0.png,L0.png,L0.png,L0.png,L0.png,L0.png,4,left,new,"124,5","41,5","-373,5","-207,5","373,5","-373,5","-41,5","207,5",green,black,violet,red,yes,d,"373,5","373,5","-373,5","-207,5","373,5","-373,5","-41,5","207,5",1,1,new
-37,-121,-285,-214,-376,-120,43,204,298,118,296,36,-205,-125,-286,130,380,202,-124,-366,-45,298,41,369,270,90,0,270,0,180,90,90,0,180,90,180,L0.png,L0.png,L0.png,L0.png,L0.png,L0.png,L0.png,T0.png,L0.png,L0.png,L0.png,L0.png,8,left,10,"290,5","207,5","124,5","373,5","-207,5","-290,5","-41,5","41,5",yellow,violet,white,blue,yes,d,"-207,5","-290,5","124,5","373,5","-207,5","-290,5","-41,5","41,5",1,1,old
-290,-120,-202,-121,-296,-35,374,203,118,381,49,290,-372,-297,-127,36,117,285,-372,-200,-290,369,37,122,0,90,270,180,0,270,90,0,270,180,90,180,L0.png,L0.png,L0.png,L0.png,L0.png,L0.png,L0.png,L0.png,L0.png,L0.png,T0.png,L0.png,11,left,new,"207,5","-124,5","41,5","-373,5","-124,5","373,5","-373,5","207,5",green,black,blue,yellow,yes,d,"-290,5","290,5","41,5","-373,5","-124,5","373,5","-373,5","207,5",1,1,new
-376,-216,-298,-289,-215,-366,123,374,285,124,376,291,-49,-131,-211,126,45,213,-203,-374,-132,49,380,283,180,90,180,0,270,90,270,0,90,180,270,0,L0.png,L0.png,L0.png,L0.png,L0.png,L0.png,L0.png,L0.png,T0.png,L0.png,L0.png,L0.png,9,left,new,"290,5","207,5","124,5","-373,5","-41,5","41,5","-207,5","373,5",red,violet,white,blue,yes,d,"-124,5","-124,5","124,5","-373,5","-41,5","41,5","-207,5","373,5",1,1,new
-284,-207,-124,-289,-36,-210,38,373,294,375,40,207,-367,-38,-123,50,199,285,-121,-36,-372,37,296,133,90,270,0,90,90,270,0,180,180,270,180,0,L0.png,T0.png,L0.png,L0.png,L0.png,L0.png,L0.png,L0.png,L0.png,L0.png,L0.png,L0.png,2,right,new,"-124,5","207,5","124,5","41,5","373,5","373,5","-373,5","-290,5",yellow,violet,blue,black,yes,d,"290,5","-124,5","124,5","41,5","373,5","373,5","-373,5","-290,5",1,1,new
-207,-296,-41,-299,-43,-126,40,132,299,36,288,211,-214,-286,-41,290,374,131,-37,-295,-216,44,116,370,90,180,270,0,270,90,180,90,0,180,270,0,L0.png,L0.png,L0.png,L0.png,L0.png,L0.png,L0.png,T0.png,L0.png,L0.png,L0.png,L0.png,8,left,6,"290,5","-41,5","-373,5","124,5","-207,5","373,5","-41,5","-207,5",yellow,black,green,blue,no,s,"290,5","-41,5","-373,5","124,5","-207,5","373,5","-41,5","-207,5",1,1,old
-39,-117,-368,-42,-127,-201,208,380,123,35,127,380,-295,-207,-122,42,127,372,-368,-288,-118,288,367,42,270,0,90,90,270,180,270,180,180,90,0,0,T0.png,L0.png,L0.png,L0.png,L0.png,L0.png,L0.png,L0.png,L0.png,L0.png,L0.png,L0.png,1,right,9,"373,5","-373,5","41,5","-207,5","-207,5","124,5","207,5","-41,5",green,violet,red,yellow,no,s,"373,5","-373,5","41,5","-207,5","-207,5","124,5","207,5","-41,5",1,1,old
-376,-209,-122,-295,-45,-213,131,285,367,35,202,367,-283,-36,-210,36,367,214,-47,-297,-372,374,49,297,180,180,90,0,180,0,270,270,270,90,0,90,L0.png,L0.png,L0.png,L0.png,L0.png,L0.png,T0.png,L0.png,L0.png,L0.png,L0.png,L0.png,7,right,new,"-41,5","124,5","-290,5","-207,5","373,5","-41,5","207,5","-373,5",black,white,red,violet,yes,d,"124,5","290,5","-290,5","-207,5","373,5","-41,5","207,5","-373,5",1,1,new
-381,-202,-129,-125,-372,-293,374,41,121,288,209,117,-374,-125,-294,282,200,371,-286,-43,-126,373,36,123,90,0,180,270,90,90,0,180,90,180,270,0,L0.png,L0.png,L0.png,L0.png,L0.png,T0.png,L0.png,L0.png,L0.png,L0.png,L0.png,L0.png,6,left,5,"-207,5","-373,5","290,5","-41,5","-373,5","290,5","41,5","-207,5",black,violet,blue,yellow,no,s,"-207,5","-373,5","290,5","-41,5","-373,5","290,5","41,5","-207,5",1,1,old
-282,-132,-44,-203,-130,-40,38,123,298,202,49,288,-132,-200,-40,296,203,128,-367,-117,-212,210,128,290,90,180,90,270,90,0,180,270,90,0,180,0,L0.png,L0.png,L0.png,L0.png,T0.png,L0.png,L0.png,L0.png,L0.png,L0.png,L0.png,L0.png,5,left,8,"124,5","-373,5","-373,5","207,5","-207,5","41,5","373,5","-207,5",red,blue,violet,green,no,s,"124,5","-373,5","-373,5","207,5","-207,5","41,5","373,5","-207,5",1,1,old
-288,-212,-379,-48,-127,-378,48,211,126,200,295,38,-38,-368,-127,288,202,129,-129,-369,-40,372,121,290,0,90,90,180,270,0,90,90,270,180,180,0,L0.png,L0.png,L0.png,L0.png,L0.png,L0.png,T0.png,L0.png,L0.png,L0.png,L0.png,L0.png,7,left,1,"-207,5","290,5","-41,5","-373,5","124,5","-41,5","290,5","-207,5",violet,white,blue,red,no,s,"-207,5","290,5","-41,5","-373,5","124,5","-41,5","290,5","-207,5",1,1,old
-208,-298,-133,-200,-120,-374,130,42,289,213,37,379,-44,-118,-286,124,200,293,-297,-40,-214,50,119,372,0,90,180,0,180,180,270,90,270,90,0,270,L0.png,L0.png,L0.png,L0.png,L0.png,L0.png,L0.png,L0.png,T0.png,L0.png,L0.png,L0.png,9,right,new,"-290,5","-41,5","290,5","-207,5","-124,5","290,5","41,5","124,5",black,violet,yellow,red,yes,d,"124,5","207,5","290,5","-207,5","-124,5","290,5","41,5","124,5",1,1,new
-43,-123,-216,-371,-208,-121,367,202,127,127,46,379,-46,-288,-207,38,284,119,-376,-125,-44,381,46,286,270,180,0,90,180,0,270,90,90,180,0,270,L0.png,L0.png,L0.png,L0.png,L0.png,L0.png,L0.png,T0.png,L0.png,L0.png,L0.png,L0.png,8,left,new,"207,5","290,5","-124,5","-124,5","373,5","41,5","41,5","-290,5",red,blue,yellow,black,no,s,"207,5","290,5","-124,5","-124,5","373,5","41,5","41,5","-290,5",1,1,new
-295,-121,-36,-34,-214,-290,381,208,119,381,40,295,-38,-284,-118,295,132,213,-36,-372,-209,376,203,291,180,270,270,0,90,0,270,90,90,0,180,180,L0.png,L0.png,L0.png,L0.png,L0.png,L0.png,L0.png,L0.png,T0.png,L0.png,L0.png,L0.png,9,left,2,"124,5","373,5","-290,5","207,5","290,5","41,5","-41,5","-290,5",blue,white,green,red,yes,d,"290,5","41,5","-290,5","207,5","290,5","41,5","-41,5","-290,5",1,1,old
-203,-289,-129,-379,-37,-130,367,202,294,203,296,123,-379,-207,-47,43,368,290,-42,-294,-381,284,200,50,180,90,90,0,270,180,270,0,270,0,90,180,L0.png,L0.png,L0.png,L0.png,L0.png,L0.png,L0.png,L0.png,T0.png,L0.png,L0.png,L0.png,9,right,11,"-373,5","-373,5","207,5","41,5","373,5","207,5","-41,5","373,5",white,red,black,green,yes,d,"-41,5","373,5","207,5","41,5","373,5","207,5","-41,5","373,5",1,1,old
-34,-124,-297,-118,-201,-46,366,216,286,118,210,295,-121,-44,-211,41,297,129,-370,-37,-118,377,203,38,270,270,0,180,270,180,0,180,0,90,90,90,L0.png,L0.png,L0.png,L0.png,L0.png,L0.png,L0.png,L0.png,L0.png,L0.png,T0.png,L0.png,11,left,new,"290,5","207,5","-373,5","-124,5","-207,5","-290,5","124,5","373,5",black,white,violet,red,no,s,"290,5","207,5","-373,5","-124,5","-207,5","-290,5","124,5","373,5",1,1,new
-117,-34,-204,-367,-293,-120,207,296,369,373,292,128,-282,-126,-205,382,285,46,-41,-289,-378,368,295,48,270,180,180,90,90,270,270,0,90,180,0,0,L0.png,L0.png,L0.png,L0.png,T0.png,L0.png,L0.png,L0.png,L0.png,L0.png,L0.png,L0.png,5,left,new,"-290,5","-41,5","-124,5","124,5","373,5","-373,5","207,5","373,5",blue,black,green,white,yes,d,"41,5","-290,5","-124,5","124,5","373,5","-373,5","207,5","373,5",1,1,new
-39,-117,-368,-42,-127,-201,208,380,123,35,127,380,-295,-207,-122,42,127,372,-368,-288,-118,288,367,42,270,0,90,90,270,180,270,180,180,90,0,0,T0.png,L0.png,L0.png,L0.png,L0.png,L0.png,L0.png,L0.png,L0.png,L0.png,L0.png,L0.png,1,right,9,"-290,5","41,5","124,5","-207,5","-124,5","-373,5","373,5","207,5",blue,yellow,green,white,no,s,"-290,5","41,5","124,5","-207,5","-124,5","-373,5","373,5","207,5",1,1,old
-46,-288,-379,-376,-118,-295,119,285,368,41,373,206,-46,-119,-366,214,376,287,-367,-39,-295,380,37,298,270,0,90,180,180,0,90,0,270,270,90,180,L0.png,L0.png,L0.png,L0.png,L0.png,L0.png,L0.png,L0.png,L0.png,T0.png,L0.png,L0.png,10,right,new,"207,5","-124,5","-290,5","-373,5","-124,5","41,5","41,5","373,5",violet,yellow,blue,white,yes,d,"373,5","290,5","-290,5","-373,5","-124,5","41,5","41,5","373,5",1,1,new
-202,-37,-286,-40,-212,-119,295,372,120,36,128,375,-35,-117,-289,132,367,209,-211,-36,-381,44,376,284,180,90,270,0,90,270,180,180,0,90,0,270,L0.png,L0.png,L0.png,L0.png,L0.png,T0.png,L0.png,L0.png,L0.png,L0.png,L0.png,L0.png,6,right,new,"-207,5","373,5","207,5","-373,5","373,5","-41,5","41,5","-207,5",violet,blue,white,black,no,s,"-207,5","373,5","207,5","-373,5","373,5","-41,5","41,5","-207,5",1,1,new
-284,-49,-209,-40,-368,-203,204,287,44,124,293,214,-121,-380,-212,123,201,290,-295,-212,-374,45,295,208,90,90,180,180,0,0,270,270,270,0,90,180,T0.png,L0.png,L0.png,L0.png,L0.png,L0.png,L0.png,L0.png,L0.png,L0.png,L0.png,L0.png,1,left,new,"124,5","124,5","-207,5","373,5","-41,5","-373,5","373,5","-124,5",violet,blue,white,green,yes,d,"-41,5","-290,5","-207,5","373,5","-41,5","-373,5","373,5","-124,5",1,1,new
-45,-295,-210,-117,-283,-370,291,380,131,39,375,212,-122,-49,-371,118,43,202,-117,-369,-37,34,295,209,0,90,270,90,270,180,180,90,270,0,180,0,L0.png,L0.png,L0.png,L0.png,L0.png,L0.png,L0.png,T0.png,L0.png,L0.png,L0.png,L0.png,8,left,new,"41,5","-290,5","-124,5","41,5","-373,5","-124,5","373,5","290,5",green,violet,black,red,no,s,"41,5","-290,5","-124,5","41,5","-373,5","-124,5","373,5","290,5",1,1,new
-288,-212,-379,-48,-127,-378,48,211,126,200,295,38,-38,-368,-127,288,202,129,-129,-369,-40,372,121,290,0,90,90,180,270,0,90,90,270,180,180,0,L0.png,L0.png,L0.png,L0.png,L0.png,L0.png,T0.png,L0.png,L0.png,L0.png,L0.png,L0.png,7,left,1,"373,5","-207,5","-41,5","-373,5","-207,5","124,5","124,5","373,5",green,white,violet,red,yes,d,"-373,5","373,5","-41,5","-373,5","-207,5","124,5","124,5","373,5",1,1,old
-207,-296,-41,-299,-43,-126,40,132,299,36,288,211,-214,-286,-41,290,374,131,-37,-295,-216,44,116,370,90,180,270,0,270,90,180,90,0,180,270,0,L0.png,L0.png,L0.png,L0.png,L0.png,L0.png,L0.png,T0.png,L0.png,L0.png,L0.png,L0.png,8,left,6,"124,5","124,5","-41,5","373,5","-373,5","-124,5","-207,5","-373,5",violet,blue,black,red,no,s,"124,5","124,5","-41,5","373,5","-373,5","-124,5","-207,5","-373,5",1,1,old
-286,-374,-39,-123,-207,-37,294,367,211,380,48,298,-126,-372,-287,129,209,293,-205,-371,-41,49,117,367,90,270,270,90,0,90,0,180,180,180,270,0,L0.png,L0.png,L0.png,L0.png,L0.png,T0.png,L0.png,L0.png,L0.png,L0.png,L0.png,L0.png,6,left,new,"-290,5","124,5","124,5","290,5","290,5","-124,5","-41,5","-290,5",white,green,black,red,yes,d,"-124,5","-41,5","124,5","290,5","290,5","-124,5","-41,5","-290,5",1,1,new
-372,-117,-200,-376,-126,-291,208,286,42,45,213,372,-205,-132,-380,202,47,131,-207,-128,-367,202,282,125,0,270,0,180,180,0,180,90,90,90,270,270,L0.png,L0.png,L0.png,L0.png,L0.png,L0.png,L0.png,L0.png,L0.png,L0.png,L0.png,T0.png,12,right,new,"124,5","-124,5","-373,5","-373,5","-41,5","373,5","373,5","207,5",black,violet,blue,red,yes,d,"373,5","290,5","-373,5","-373,5","-41,5","373,5","373,5","207,5",1,1,new
-38,-379,-119,-49,-199,-374,289,37,368,37,287,380,-284,-47,-210,202,366,130,-121,-46,-214,132,202,40,90,270,270,90,270,0,0,90,0,180,180,180,L0.png,L0.png,L0.png,L0.png,T0.png,L0.png,L0.png,L0.png,L0.png,L0.png,L0.png,L0.png,5,right,new,"373,5","41,5","-207,5","-124,5","207,5","-290,5","-373,5","207,5",red,black,white,yellow,yes,d,"41,5","-373,5","-207,5","-124,5","207,5","-290,5","-373,5","207,5",1,1,new
-207,-296,-41,-299,-43,-126,40,132,299,36,288,211,-214,-286,-41,290,374,131,-37,-295,-216,44,116,370,90,180,270,0,270,90,180,270,0,180,270,0,L0.png,L0.png,L0.png,L0.png,L0.png,L0.png,L0.png,T0.png,L0.png,L0.png,L0.png,L0.png,8,right,6,"-373,5","-124,5","-207,5","-373,5","207,5","373,5","-41,5","124,5",blue,red,black,violet,yes,d,"290,5","124,5","-207,5","-373,5","207,5","373,5","-41,5","124,5",1,1,old
-295,-121,-36,-34,-214,-290,381,208,119,381,40,295,-38,-284,-118,295,132,213,-36,-372,-209,376,203,291,180,270,270,0,90,0,270,90,90,0,180,180,L0.png,L0.png,L0.png,L0.png,L0.png,L0.png,L0.png,L0.png,T0.png,L0.png,L0.png,L0.png,9,left,2,"-373,5","-290,5","-207,5","207,5","-41,5","-124,5","373,5","373,5",red,yellow,green,violet,no,s,"-373,5","-290,5","-207,5","207,5","-41,5","-124,5","373,5","373,5",1,1,old
-366,-132,-49,-201,-42,-285,365,216,128,366,202,40,-205,-122,-284,208,37,292,-373,-201,-43,201,49,291,90,90,0,270,270,180,180,0,270,180,0,90,T0.png,L0.png,L0.png,L0.png,L0.png,L0.png,L0.png,L0.png,L0.png,L0.png,L0.png,L0.png,1,left,new,"-373,5","-41,5","-41,5","207,5","-207,5","373,5","207,5","-207,5",white,blue,violet,black,yes,d,"124,5","-207,5","-41,5","207,5","-207,5","373,5","207,5","-207,5",1,1,new
-212,-374,-125,-285,-130,-376,285,202,40,211,293,124,-36,-214,-125,204,290,38,-291,-208,-370,38,378,130,180,90,0,270,90,270,180,90,0,270,180,0,L0.png,L0.png,L0.png,L0.png,T0.png,L0.png,L0.png,L0.png,L0.png,L0.png,L0.png,L0.png,5,left,new,"-373,5","373,5","124,5","207,5","-41,5","41,5","290,5","-373,5",black,blue,violet,white,no,s,"-373,5","373,5","124,5","207,5","-41,5","41,5","290,5","-373,5",1,1,new
-120,-203,-367,-371,-214,-288,44,293,206,296,214,130,-45,-298,-368,199,297,127,-39,-216,-126,200,132,295,0,180,0,270,90,180,270,0,90,180,90,270,L0.png,L0.png,L0.png,L0.png,L0.png,L0.png,L0.png,L0.png,L0.png,L0.png,T0.png,L0.png,11,left,new,"-207,5","-207,5","373,5","41,5","124,5","290,5","-373,5","-373,5",green,violet,red,blue,yes,d,"-41,5","290,5","373,5","41,5","124,5","290,5","-373,5","-373,5",1,1,new
-295,-121,-36,-34,-214,-290,381,208,119,381,40,295,-38,-284,-118,295,132,213,-36,-372,-209,376,203,291,180,270,270,0,90,0,270,90,270,0,180,180,L0.png,L0.png,L0.png,L0.png,L0.png,L0.png,L0.png,L0.png,T0.png,L0.png,L0.png,L0.png,9,right,2,"-373,5","373,5","-41,5","-41,5","-207,5","-207,5","373,5","124,5",yellow,green,blue,black,yes,d,"207,5","207,5","-41,5","-41,5","-207,5","-207,5","373,5","124,5",1,1,old
-287,-203,-127,-123,-205,-283,296,120,42,124,373,296,-288,-129,-206,283,200,366,-49,-200,-288,376,287,44,180,0,90,180,90,270,180,90,90,0,270,0,L0.png,L0.png,L0.png,L0.png,T0.png,L0.png,L0.png,L0.png,L0.png,L0.png,L0.png,L0.png,5,left,7,"124,5","-41,5","-290,5","290,5","373,5","124,5","-41,5","-373,5",yellow,violet,green,red,yes,d,"373,5","-207,5","-290,5","290,5","373,5","124,5","-41,5","-373,5",1,1,old
-295,-121,-36,-34,-214,-290,381,208,119,381,40,295,-38,-284,-118,295,132,213,-36,-372,-209,376,203,291,180,270,270,0,90,0,270,90,270,0,180,180,L0.png,L0.png,L0.png,L0.png,L0.png,L0.png,L0.png,L0.png,T0.png,L0.png,L0.png,L0.png,9,right,2,"-41,5","-373,5","290,5","373,5","-207,5","-124,5","124,5","41,5",violet,white,red,yellow,no,s,"-41,5","-373,5","290,5","373,5","-207,5","-124,5","124,5","41,5",1,1,old
-288,-212,-379,-48,-127,-378,48,211,126,200,295,38,-38,-368,-127,288,202,129,-129,-369,-40,372,121,290,0,90,90,180,270,0,90,90,270,180,180,0,L0.png,L0.png,L0.png,L0.png,L0.png,L0.png,T0.png,L0.png,L0.png,L0.png,L0.png,L0.png,7,left,1,"290,5","-41,5","41,5","373,5","-373,5","-207,5","-207,5","-373,5",white,yellow,violet,green,yes,d,"-207,5","-207,5","41,5","373,5","-373,5","-207,5","-207,5","-373,5",1,1,old
-39,-117,-368,-42,-127,-201,208,380,123,35,127,380,-295,-207,-122,42,127,372,-368,-288,-118,288,367,42,270,0,90,90,270,180,270,180,180,90,0,0,T0.png,L0.png,L0.png,L0.png,L0.png,L0.png,L0.png,L0.png,L0.png,L0.png,L0.png,L0.png,1,right,9,"-207,5","373,5","-41,5","207,5","290,5","-207,5","-373,5","41,5",white,violet,black,green,yes,d,"373,5","-124,5","-41,5","207,5","290,5","-207,5","-373,5","41,5",1,1,old
-207,-296,-41,-299,-43,-126,40,132,299,36,288,211,-214,-286,-41,290,374,131,-37,-295,-216,44,116,370,90,180,270,0,270,90,180,270,0,180,270,0,L0.png,L0.png,L0.png,L0.png,L0.png,L0.png,L0.png,T0.png,L0.png,L0.png,L0.png,L0.png,8,right,6,"41,5","124,5","290,5","373,5","-373,5","-41,5","-207,5","-373,5",green,black,blue,violet,yes,d,"-373,5","-124,5","290,5","373,5","-373,5","-41,5","-207,5","-373,5",1,1,old
-288,-212,-379,-48,-127,-378,48,211,126,200,295,38,-38,-368,-127,288,202,129,-129,-369,-40,372,121,290,0,90,90,180,270,0,270,90,270,180,180,0,L0.png,L0.png,L0.png,L0.png,L0.png,L0.png,T0.png,L0.png,L0.png,L0.png,L0.png,L0.png,7,right,1,"207,5","-41,5","-290,5","207,5","41,5","-207,5","373,5","-373,5",black,violet,blue,white,yes,d,"41,5","-373,5","-290,5","207,5","41,5","-207,5","373,5","-373,5",1,1,old
-116,-39,-206,-125,-294,-46,285,204,376,378,43,289,-294,-34,-368,33,209,117,-41,-213,-286,127,205,292,90,90,0,90,180,180,0,270,270,180,90,0,L0.png,L0.png,L0.png,L0.png,L0.png,L0.png,L0.png,L0.png,L0.png,L0.png,T0.png,L0.png,11,left,3,"124,5","41,5","290,5","-124,5","-373,5","373,5","-41,5","-373,5",green,yellow,blue,white,yes,d,"-207,5","207,5","290,5","-124,5","-373,5","373,5","-41,5","-373,5",1,1,old
-203,-289,-129,-379,-37,-130,367,202,294,203,296,123,-379,-207,-47,43,368,290,-42,-294,-381,284,200,50,180,90,90,0,270,180,270,0,270,0,90,180,L0.png,L0.png,L0.png,L0.png,L0.png,L0.png,L0.png,L0.png,T0.png,L0.png,L0.png,L0.png,9,right,11,"41,5","207,5","-290,5","-41,5","290,5","-373,5","-124,5","-207,5",violet,yellow,red,white,yes,d,"290,5","373,5","-290,5","-41,5","290,5","-373,5","-124,5","-207,5",1,1,old
-38,-128,-291,-381,-43,-291,132,292,39,118,43,213,-132,-43,-373,201,39,129,-298,-367,-40,296,118,41,0,180,90,90,180,0,180,270,270,90,270,0,L0.png,L0.png,T0.png,L0.png,L0.png,L0.png,L0.png,L0.png,L0.png,L0.png,L0.png,L0.png,3,left,new,"-373,5","207,5","373,5","-207,5","-41,5","373,5","-207,5","41,5",yellow,black,violet,blue,no,s,"-373,5","207,5","373,5","-207,5","-41,5","373,5","-207,5","41,5",1,1,new
-37,-121,-285,-214,-376,-120,43,204,298,118,296,36,-205,-125,-286,130,380,202,-124,-366,-45,298,41,369,270,90,0,270,0,180,90,270,0,180,90,180,L0.png,L0.png,L0.png,L0.png,L0.png,L0.png,L0.png,T0.png,L0.png,L0.png,L0.png,L0.png,8,right,10,"-373,5","290,5","-124,5","-41,5","373,5","124,5","41,5","-290,5",yellow,black,blue,red,no,s,"-373,5","290,5","-124,5","-41,5","373,5","124,5","41,5","-290,5",1,1,old
-375,-127,-210,-284,-34,-129,283,370,41,119,207,295,-44,-121,-289,213,380,48,-213,-288,-128,293,37,118,180,180,270,270,0,0,0,90,180,90,270,90,L0.png,L0.png,T0.png,L0.png,L0.png,L0.png,L0.png,L0.png,L0.png,L0.png,L0.png,L0.png,3,right,new,"207,5","124,5","41,5","-373,5","373,5","373,5","-124,5","-41,5",yellow,white,red,blue,yes,d,"-207,5","290,5","41,5","-373,5","373,5","373,5","-124,5","-41,5",1,1,new
-116,-39,-206,-125,-294,-46,285,204,376,378,43,289,-294,-34,-368,33,209,117,-41,-213,-286,127,205,292,90,90,0,90,180,180,0,270,270,180,270,0,L0.png,L0.png,L0.png,L0.png,L0.png,L0.png,L0.png,L0.png,L0.png,L0.png,T0.png,L0.png,11,right,3,"207,5","-290,5","41,5","373,5","-290,5","124,5","-124,5","-41,5",red,yellow,black,blue,no,s,"207,5","-290,5","41,5","373,5","-290,5","124,5","-124,5","-41,5",1,1,old
-39,-117,-368,-42,-127,-201,208,380,123,35,127,380,-295,-207,-122,42,127,372,-368,-288,-118,288,367,42,270,0,90,90,270,180,270,180,180,90,0,0,T0.png,L0.png,L0.png,L0.png,L0.png,L0.png,L0.png,L0.png,L0.png,L0.png,L0.png,L0.png,1,right,9,"207,5","-373,5","373,5","-41,5","-41,5","373,5","-290,5","124,5",red,blue,white,black,yes,d,"-41,5","290,5","373,5","-41,5","-41,5","373,5","-290,5","124,5",1,1,old
-39,-117,-368,-42,-127,-201,208,380,123,35,127,380,-295,-207,-122,42,127,372,-368,-288,-118,288,367,42,270,0,90,90,270,180,270,180,180,90,0,0,T0.png,L0.png,L0.png,L0.png,L0.png,L0.png,L0.png,L0.png,L0.png,L0.png,L0.png,L0.png,1,right,9,"-41,5","207,5","-373,5","-373,5","-207,5","373,5","207,5","-124,5",blue,black,violet,red,no,s,"-41,5","207,5","-373,5","-373,5","-207,5","373,5","207,5","-124,5",1,1,old
-44,-379,-284,-131,-213,-43,288,211,117,38,128,212,-131,-381,-292,201,130,41,-133,-214,-375,214,125,370,180,0,90,270,270,90,0,270,90,0,180,180,L0.png,L0.png,L0.png,L0.png,L0.png,T0.png,L0.png,L0.png,L0.png,L0.png,L0.png,L0.png,6,left,4,"-373,5","373,5","207,5","41,5","373,5","-373,5","-207,5","-124,5",white,blue,yellow,violet,yes,d,"41,5","-124,5","207,5","41,5","373,5","-373,5","-207,5","-124,5",1,1,old
-37,-290,-201,-130,-34,-208,204,119,370,209,45,369,-215,-45,-296,299,366,207,-288,-203,-125,50,131,200,270,0,180,180,0,270,180,0,90,90,270,90,L0.png,L0.png,L0.png,L0.png,L0.png,L0.png,L0.png,L0.png,L0.png,L0.png,T0.png,L0.png,11,right,new,"-290,5","373,5","-124,5","-373,5","124,5","207,5","290,5","-124,5",violet,yellow,blue,black,yes,d,"290,5","-124,5","-124,5","-373,5","124,5","207,5","290,5","-124,5",1,1,new
-298,-39,-129,-285,-124,-200,214,49,366,282,373,47,-294,-201,-45,293,371,42,-42,-132,-204,205,122,373,90,0,270,180,0,270,180,0,180,90,90,270,T0.png,L0.png,L0.png,L0.png,L0.png,L0.png,L0.png,L0.png,L0.png,L0.png,L0.png,L0.png,1,left,new,"207,5","373,5","-290,5","-207,5","-41,5","207,5","373,5","41,5",red,yellow,blue,black,no,s,"207,5","373,5","-290,5","-207,5","-41,5","207,5","373,5","41,5",1,1,new
-44,-296,-212,-212,-46,-119,49,287,125,44,299,203,-368,-47,-202,202,366,122,-118,-297,-42,37,293,211,90,270,180,180,90,0,0,270,90,0,90,180,L0.png,L0.png,L0.png,L0.png,L0.png,L0.png,L0.png,L0.png,T0.png,L0.png,L0.png,L0.png,9,left,12,"373,5","373,5","-290,5","41,5","-41,5","-373,5","124,5","207,5",violet,white,yellow,green,yes,d,"124,5","-290,5","-290,5","41,5","-41,5","-373,5","124,5","207,5",1,1,old
-203,-289,-129,-379,-37,-130,367,202,294,203,296,123,-379,-207,-47,43,368,290,-42,-294,-381,284,200,50,180,90,90,0,270,180,270,0,270,0,90,180,L0.png,L0.png,L0.png,L0.png,L0.png,L0.png,L0.png,L0.png,T0.png,L0.png,L0.png,L0.png,9,right,11,"-373,5","-290,5","41,5","290,5","207,5","124,5","373,5","-41,5",black,red,yellow,blue,no,s,"-373,5","-290,5","41,5","290,5","207,5","124,5","373,5","-41,5",1,1,old
-207,-296,-41,-299,-43,-126,40,132,299,36,288,211,-214,-286,-41,290,374,131,-37,-295,-216,44,116,370,90,180,270,0,270,90,180,270,0,180,270,0,L0.png,L0.png,L0.png,L0.png,L0.png,L0.png,L0.png,T0.png,L0.png,L0.png,L0.png,L0.png,8,right,6,"41,5","-373,5","-124,5","124,5","-373,5","-41,5","373,5","-207,5",yellow,white,black,red,yes,d,"207,5","-207,5","-124,5","124,5","-373,5","-41,5","373,5","-207,5",1,1,old
-207,-296,-41,-299,-43,-126,40,132,299,36,288,211,-214,-286,-41,290,374,131,-37,-295,-216,44,116,370,90,180,270,0,270,90,180,270,0,180,270,0,L0.png,L0.png,L0.png,L0.png,L0.png,L0.png,L0.png,T0.png,L0.png,L0.png,L0.png,L0.png,8,right,6,"-290,5","373,5","41,5","-124,5","290,5","41,5","-124,5","207,5",blue,violet,white,red,yes,d,"-124,5","-373,5","41,5","-124,5","290,5","41,5","-124,5","207,5",1,1,old
-123,-374,-42,-287,-45,-382,40,369,199,289,119,49,-123,-36,-283,205,293,375,-207,-382,-294,47,207,375,90,180,0,180,180,90,270,0,270,90,270,0,L0.png,L0.png,L0.png,L0.png,L0.png,L0.png,L0.png,L0.png,L0.png,T0.png,L0.png,L0.png,10,left,new,"-124,5","41,5","207,5","290,5","373,5","-124,5","-373,5","-373,5",violet,blue,yellow,green,yes,d,"373,5","-290,5","207,5","290,5","373,5","-124,5","-373,5","-373,5",1,1,new
-44,-296,-212,-212,-46,-119,49,287,125,44,299,203,-368,-47,-202,202,366,122,-118,-297,-42,37,293,211,90,270,180,180,90,0,0,270,270,0,90,180,L0.png,L0.png,L0.png,L0.png,L0.png,L0.png,L0.png,L0.png,T0.png,L0.png,L0.png,L0.png,9,right,12,"41,5","41,5","-373,5","-373,5","-207,5","290,5","373,5","-207,5",black,blue,red,green,no,s,"41,5","41,5","-373,5","-373,5","-207,5","290,5","373,5","-207,5",1,1,old
-203,-289,-129,-379,-37,-130,367,202,294,203,296,123,-379,-207,-47,43,368,290,-42,-294,-381,284,200,50,180,90,90,0,270,180,270,0,270,0,90,180,L0.png,L0.png,L0.png,L0.png,L0.png,L0.png,L0.png,L0.png,T0.png,L0.png,L0.png,L0.png,9,right,11,"-373,5","-124,5","207,5","-290,5","-207,5","373,5","41,5","124,5",blue,yellow,green,red,no,s,"-373,5","-124,5","207,5","-290,5","-207,5","373,5","41,5","124,5",1,1,old
-296,-210,-130,-121,-213,-372,45,201,119,126,285,33,-215,-123,-297,375,123,211,-202,-41,-284,289,124,34,180,0,0,0,270,90,270,90,270,90,180,180,L0.png,L0.png,L0.png,L0.png,L0.png,L0.png,L0.png,L0.png,L0.png,T0.png,L0.png,L0.png,10,left,new,"207,5","124,5","-207,5","373,5","-41,5","-373,5","-373,5","-207,5",green,black,yellow,red,no,s,"207,5","124,5","-207,5","373,5","-41,5","-373,5","-373,5","-207,5",1,1,new
-121,-45,-293,-130,-205,-46,206,128,43,124,36,285,-294,-206,-367,47,295,211,-204,-126,-294,297,376,46,90,180,180,270,270,90,0,180,90,0,270,0,L0.png,L0.png,L0.png,T0.png,L0.png,L0.png,L0.png,L0.png,L0.png,L0.png,L0.png,L0.png,4,right,new,"124,5","-41,5","373,5","373,5","-41,5","-290,5","-207,5","124,5",white,red,violet,black,no,s,"124,5","-41,5","373,5","373,5","-41,5","-290,5","-207,5","124,5",1,1,new
-295,-121,-36,-34,-214,-290,381,208,119,381,40,295,-38,-284,-118,295,132,213,-36,-372,-209,376,203,291,180,270,270,0,90,0,270,90,270,0,180,180,L0.png,L0.png,L0.png,L0.png,L0.png,L0.png,L0.png,L0.png,T0.png,L0.png,L0.png,L0.png,9,right,2,"-373,5","-124,5","373,5","290,5","-207,5","41,5","-41,5","-290,5",yellow,violet,black,white,yes,d,"-207,5","41,5","373,5","290,5","-207,5","41,5","-41,5","-290,5",1,1,old
-49,-296,-367,-210,-130,-33,297,380,206,36,205,377,-211,-132,-296,121,297,37,-121,-369,-45,367,203,282,270,180,90,270,90,90,0,270,180,0,180,0,L0.png,L0.png,L0.png,L0.png,L0.png,L0.png,L0.png,T0.png,L0.png,L0.png,L0.png,L0.png,8,right,new,"-41,5","373,5","-207,5","207,5","207,5","41,5","-373,5","-124,5",blue,black,violet,red,no,s,"-41,5","373,5","-207,5","207,5","207,5","41,5","-373,5","-124,5",1,1,new
-37,-121,-285,-214,-376,-120,43,204,298,118,296,36,-205,-125,-286,130,380,202,-124,-366,-45,298,41,369,270,90,0,270,0,180,90,90,0,180,90,180,L0.png,L0.png,L0.png,L0.png,L0.png,L0.png,L0.png,T0.png,L0.png,L0.png,L0.png,L0.png,8,left,10,"124,5","-373,5","-373,5","207,5","-41,5","41,5","290,5","373,5",blue,black,violet,red,yes,d,"-41,5","-207,5","-373,5","207,5","-41,5","41,5","290,5","373,5",1,1,old
-287,-203,-127,-123,-205,-283,296,120,42,124,373,296,-288,-129,-206,283,200,366,-49,-200,-288,376,287,44,180,0,90,180,90,270,180,90,90,0,270,0,L0.png,L0.png,L0.png,L0.png,T0.png,L0.png,L0.png,L0.png,L0.png,L0.png,L0.png,L0.png,5,left,7,"207,5","373,5","-124,5","-290,5","-373,5","-124,5","41,5","124,5",blue,violet,yellow,red,no,s,"207,5","373,5","-124,5","-290,5","-373,5","-124,5","41,5","124,5",1,1,old
-200,-127,-290,-35,-132,-210,205,376,48,283,117,214,-376,-37,-120,294,39,200,-284,-369,-42,375,125,48,270,180,180,0,0,0,270,90,90,90,180,270,T0.png,L0.png,L0.png,L0.png,L0.png,L0.png,L0.png,L0.png,L0.png,L0.png,L0.png,L0.png,1,right,new,"-41,5","-373,5","-207,5","41,5","207,5","290,5","-373,5","-124,5",black,red,blue,white,yes,d,"290,5","-124,5","-207,5","41,5","207,5","290,5","-373,5","-124,5",1,1,new
-210,-286,-42,-37,-208,-373,295,123,206,283,130,34,-292,-38,-200,41,378,292,-36,-129,-214,202,125,44,180,270,270,270,0,180,90,90,180,90,0,0,L0.png,L0.png,T0.png,L0.png,L0.png,L0.png,L0.png,L0.png,L0.png,L0.png,L0.png,L0.png,3,right,new,"41,5","-124,5","-207,5","41,5","-373,5","207,5","290,5","-373,5",white,violet,green,black,no,s,"41,5","-124,5","-207,5","41,5","-373,5","207,5","290,5","-373,5",1,1,new
-295,-121,-36,-34,-214,-290,381,208,119,381,40,295,-38,-284,-118,295,132,213,-36,-372,-209,376,203,291,180,270,270,0,90,0,270,90,270,0,180,180,L0.png,L0.png,L0.png,L0.png,L0.png,L0.png,L0.png,L0.png,T0.png,L0.png,L0.png,L0.png,9,right,2,"-373,5","290,5","207,5","-373,5","-207,5","124,5","373,5","-41,5",white,black,violet,green,yes,d,"373,5","-41,5","207,5","-373,5","-207,5","124,5","373,5","-41,5",1,1,old
-44,-294,-381,-126,-368,-283,287,132,368,119,299,48,-47,-373,-120,208,285,367,-369,-295,-47,212,366,295,180,270,0,0,90,180,90,90,0,180,270,270,L0.png,L0.png,L0.png,L0.png,L0.png,L0.png,T0.png,L0.png,L0.png,L0.png,L0.png,L0.png,7,left,new,"41,5","-207,5","207,5","373,5","-124,5","-41,5","373,5","124,5",red,green,violet,blue,yes,d,"-373,5","-373,5","207,5","373,5","-124,5","-41,5","373,5","124,5",1,1,new
-295,-121,-36,-34,-214,-290,381,208,119,381,40,295,-38,-284,-118,295,132,213,-36,-372,-209,376,203,291,180,270,270,0,90,0,270,90,270,0,180,180,L0.png,L0.png,L0.png,L0.png,L0.png,L0.png,L0.png,L0.png,T0.png,L0.png,L0.png,L0.png,9,right,2,"-373,5","41,5","-124,5","373,5","207,5","-290,5","41,5","-124,5",black,red,white,green,no,s,"-373,5","41,5","-124,5","373,5","207,5","-290,5","41,5","-124,5",1,1,old
-210,-41,-121,-375,-42,-283,292,132,382,378,202,41,-375,-210,-42,208,131,43,-375,-40,-121,120,44,204,270,90,180,270,90,0,270,0,180,180,0,90,L0.png,T0.png,L0.png,L0.png,L0.png,L0.png,L0.png,L0.png,L0.png,L0.png,L0.png,L0.png,2,left,new,"373,5","-373,5","-41,5","-207,5","207,5","373,5","-373,5","41,5",yellow,green,blue,red,yes,d,"207,5","124,5","-41,5","-207,5","207,5","373,5","-373,5","41,5",1,1,new
-381,-202,-129,-125,-372,-293,374,41,121,288,209,117,-374,-125,-294,282,200,371,-286,-43,-126,373,36,123,90,0,180,270,90,90,0,180,90,180,270,0,L0.png,L0.png,L0.png,L0.png,L0.png,T0.png,L0.png,L0.png,L0.png,L0.png,L0.png,L0.png,6,left,5,"41,5","-124,5","-373,5","373,5","207,5","-373,5","-207,5","124,5",red,yellow,blue,violet,yes,d,"207,5","-373,5","-373,5","373,5","207,5","-373,5","-207,5","124,5",1,1,old
-207,-296,-41,-299,-43,-126,40,132,299,36,288,211,-214,-286,-41,290,374,131,-37,-295,-216,44,116,370,90,180,270,0,270,90,180,270,0,180,270,0,L0.png,L0.png,L0.png,L0.png,L0.png,L0.png,L0.png,T0.png,L0.png,L0.png,L0.png,L0.png,8,right,6,"-373,5","41,5","124,5","207,5","290,5","-373,5","-207,5","-207,5",blue,violet,red,white,yes,d,"-124,5","-124,5","124,5","207,5","290,5","-373,5","-207,5","-207,5",1,1,old
-126,-370,-214,-200,-286,-378,38,374,126,293,38,202,-121,-298,-45,298,369,206,-372,-211,-46,206,127,373,90,270,0,90,90,270,0,180,270,180,0,180,L0.png,L0.png,L0.png,L0.png,L0.png,T0.png,L0.png,L0.png,L0.png,L0.png,L0.png,L0.png,6,right,new,"-290,5","-207,5","373,5","373,5","-41,5","-373,5","124,5","124,5",yellow,black,white,green,yes,d,"124,5","41,5","373,5","373,5","-41,5","-373,5","124,5","124,5",1,1,new
-282,-132,-44,-203,-130,-40,38,123,298,202,49,288,-132,-200,-40,296,203,128,-367,-117,-212,210,128,290,90,180,90,270,90,0,180,270,90,0,180,0,L0.png,L0.png,L0.png,L0.png,T0.png,L0.png,L0.png,L0.png,L0.png,L0.png,L0.png,L0.png,5,left,8,"-41,5","290,5","-207,5","-373,5","124,5","124,5","373,5","-124,5",yellow,blue,green,white,yes,d,"124,5","-207,5","-207,5","-373,5","124,5","124,5","373,5","-124,5",1,1,old
-288,-212,-379,-48,-127,-378,48,211,126,200,295,38,-38,-368,-127,288,202,129,-129,-369,-40,372,121,290,0,90,90,180,270,0,90,90,270,180,180,0,L0.png,L0.png,L0.png,L0.png,L0.png,L0.png,T0.png,L0.png,L0.png,L0.png,L0.png,L0.png,7,left,1,"41,5","-41,5","-290,5","-373,5","-124,5","124,5","290,5","373,5",green,red,white,violet,no,s,"41,5","-41,5","-290,5","-373,5","-124,5","124,5","290,5","373,5",1,1,old
-213,-371,-293,-128,-209,-34,122,381,211,200,290,380,-295,-132,-204,119,211,295,-375,-216,-124,367,44,201,180,0,90,270,0,0,90,90,180,180,270,270,L0.png,L0.png,L0.png,L0.png,L0.png,L0.png,T0.png,L0.png,L0.png,L0.png,L0.png,L0.png,7,left,new,"-207,5","373,5","-373,5","-373,5","373,5","-207,5","207,5","207,5",black,green,blue,violet,yes,d,"41,5","207,5","-373,5","-373,5","373,5","-207,5","207,5","207,5",1,1,new
-130,-206,-284,-205,-369,-284,209,35,295,297,381,35,-375,-213,-288,367,43,213,-382,-205,-117,39,215,282,90,90,0,90,270,270,180,180,0,270,0,180,L0.png,L0.png,L0.png,L0.png,T0.png,L0.png,L0.png,L0.png,L0.png,L0.png,L0.png,L0.png,5,right,new,"-41,5","290,5","290,5","-124,5","124,5","-373,5","-373,5","124,5",blue,yellow,white,red,no,s,"-41,5","290,5","290,5","-124,5","124,5","-373,5","-373,5","124,5",1,1,new
-290,-44,-215,-34,-367,-293,205,122,298,286,210,133,-200,-370,-49,214,285,35,-379,-200,-284,368,121,284,0,180,270,0,270,180,0,90,270,90,180,90,L0.png,L0.png,L0.png,L0.png,T0.png,L0.png,L0.png,L0.png,L0.png,L0.png,L0.png,L0.png,5,right,new,"373,5","373,5","-373,5","-373,5","124,5","-41,5","-41,5","207,5",blue,violet,yellow,green,yes,d,"41,5","-41,5","-373,5","-373,5","124,5","-41,5","-41,5","207,5",1,1,new
-282,-132,-44,-203,-130,-40,38,123,298,202,49,288,-132,-200,-40,296,203,128,-367,-117,-212,210,128,290,90,180,90,270,90,0,180,270,90,0,180,0,L0.png,L0.png,L0.png,L0.png,T0.png,L0.png,L0.png,L0.png,L0.png,L0.png,L0.png,L0.png,5,left,8,"124,5","124,5","-124,5","290,5","-290,5","-290,5","290,5","-124,5",green,black,violet,yellow,no,s,"124,5","124,5","-124,5","290,5","-290,5","-290,5","290,5","-124,5",1,1,old
-296,-122,-48,-296,-209,-120,370,123,294,288,123,205,-375,-206,-126,370,48,292,-207,-286,-38,208,132,377,270,180,0,270,90,90,270,180,0,0,180,90,L0.png,L0.png,L0.png,L0.png,T0.png,L0.png,L0.png,L0.png,L0.png,L0.png,L0.png,L0.png,5,left,new,"-124,5","-207,5","-373,5","373,5","290,5","-41,5","41,5","-373,5",violet,blue,green,yellow,no,s,"-124,5","-207,5","-373,5","373,5","290,5","-41,5","41,5","-373,5",1,1,new
-43,-130,-380,-296,-214,-40,378,119,200,39,295,125,-370,-296,-50,124,200,47,-127,-204,-370,283,203,38,90,0,90,180,180,90,270,270,0,180,270,0,L0.png,L0.png,L0.png,L0.png,L0.png,L0.png,L0.png,L0.png,L0.png,L0.png,T0.png,L0.png,11,right,new,"-373,5","124,5","207,5","373,5","-207,5","-124,5","-41,5","-373,5",green,yellow,blue,black,yes,d,"-207,5","-124,5","207,5","373,5","-207,5","-124,5","-41,5","-373,5",1,1,new
-47,-125,-295,-42,-283,-366,128,375,209,33,207,296,-212,-382,-34,207,378,133,-127,-41,-208,289,370,205,180,180,180,0,270,0,0,90,270,270,90,90,L0.png,L0.png,L0.png,L0.png,L0.png,L0.png,L0.png,L0.png,L0.png,T0.png,L0.png,L0.png,10,right,new,"-41,5","373,5","207,5","207,5","-373,5","-41,5","-207,5","-207,5",yellow,green,red,white,no,s,"-41,5","373,5","207,5","207,5","-373,5","-41,5","-207,5","-207,5",1,1,new
-290,-46,-373,-288,-129,-204,120,42,366,118,49,285,-378,-49,-205,204,126,40,-120,-377,-215,118,41,210,0,0,180,180,90,270,270,180,270,90,90,0,L0.png,L0.png,L0.png,L0.png,T0.png,L0.png,L0.png,L0.png,L0.png,L0.png,L0.png,L0.png,5,left,new,"290,5","-373,5","124,5","-207,5","-290,5","373,5","-124,5","124,5",blue,red,yellow,green,no,s,"290,5","-373,5","124,5","-207,5","-290,5","373,5","-124,5","124,5",1,1,new
-44,-296,-212,-212,-46,-119,49,287,125,44,299,203,-368,-47,-202,202,366,122,-118,-297,-42,37,293,211,90,270,180,180,90,0,0,270,90,0,90,180,L0.png,L0.png,L0.png,L0.png,L0.png,L0.png,L0.png,L0.png,T0.png,L0.png,L0.png,L0.png,9,left,12,"124,5","-124,5","-124,5","207,5","-290,5","41,5","290,5","-373,5",violet,black,red,blue,no,s,"124,5","-124,5","-124,5","207,5","-290,5","41,5","290,5","-373,5",1,1,old
-133,-375,-48,-50,-368,-284,366,122,298,368,124,39,-132,-207,-371,298,202,129,-297,-213,-366,45,200,371,0,90,270,90,90,270,180,180,270,0,180,0,L0.png,L0.png,L0.png,T0.png,L0.png,L0.png,L0.png,L0.png,L0.png,L0.png,L0.png,L0.png,4,left,new,"-124,5","207,5","207,5","373,5","-373,5","41,5","41,5","-373,5",violet,red,blue,green,no,s,"-124,5","207,5","207,5","373,5","-373,5","41,5","41,5","-373,5",1,1,new
-44,-296,-212,-212,-46,-119,49,287,125,44,299,203,-368,-47,-202,202,366,122,-118,-297,-42,37,293,211,90,270,180,180,90,0,0,270,270,0,90,180,L0.png,L0.png,L0.png,L0.png,L0.png,L0.png,L0.png,L0.png,T0.png,L0.png,L0.png,L0.png,9,right,12,"-124,5","373,5","124,5","41,5","-373,5","207,5","290,5","-124,5",green,white,black,blue,yes,d,"290,5","-373,5","124,5","41,5","-373,5","207,5","290,5","-124,5",1,1,old
-291,-378,-129,-132,-49,-207,371,122,205,211,122,381,-199,-284,-40,124,372,216,-120,-48,-213,125,368,210,270,0,90,180,270,180,0,180,90,0,270,90,L0.png,L0.png,L0.png,L0.png,L0.png,L0.png,L0.png,L0.png,L0.png,L0.png,L0.png,T0.png,12,left,new,"373,5","124,5","-290,5","-373,5","-124,5","373,5","124,5","-41,5",green,black,yellow,blue,no,s,"373,5","124,5","-290,5","-373,5","-124,5","373,5","124,5","-41,5",1,1,new
-295,-120,-377,-132,-199,-35,294,379,47,284,127,35,-208,-40,-373,290,43,375,-366,-132,-215,297,201,40,270,90,0,270,180,180,270,90,0,0,180,90,L0.png,L0.png,L0.png,L0.png,L0.png,L0.png,L0.png,T0.png,L0.png,L0.png,L0.png,L0.png,8,left,new,"-41,5","-41,5","-207,5","124,5","-373,5","-207,5","207,5","373,5",yellow,violet,green,white,no,s,"-41,5","-41,5","-207,5","124,5","-373,5","-207,5","207,5","373,5",1,1,new
-282,-132,-44,-203,-130,-40,38,123,298,202,49,288,-132,-200,-40,296,203,128,-367,-117,-212,210,128,290,90,180,90,270,90,0,180,270,90,0,180,0,L0.png,L0.png,L0.png,L0.png,T0.png,L0.png,L0.png,L0.png,L0.png,L0.png,L0.png,L0.png,5,left,8,"41,5","41,5","-373,5","373,5","290,5","-373,5","-124,5","-124,5",green,black,violet,white,yes,d,"207,5","-124,5","-373,5","373,5","290,5","-373,5","-124,5","-124,5",1,1,old
-36,-379,-214,-206,-289,-370,294,34,123,45,371,297,-375,-290,-216,379,296,42,-210,-128,-378,377,215,282,180,0,0,180,90,0,180,270,90,270,90,270,L0.png,L0.png,L0.png,L0.png,L0.png,L0.png,L0.png,T0.png,L0.png,L0.png,L0.png,L0.png,8,right,new,"41,5","373,5","-290,5","124,5","373,5","-41,5","-124,5","-290,5",blue,yellow,red,white,no,s,"41,5","373,5","-290,5","124,5","373,5","-41,5","-124,5","-290,5",1,1,new
-116,-34,-366,-124,-297,-380,285,47,122,50,380,291,-117,-298,-206,214,45,124,-118,-212,-43,209,118,374,90,180,90,270,270,90,180,270,180,0,0,0,L0.png,L0.png,L0.png,L0.png,L0.png,L0.png,L0.png,T0.png,L0.png,L0.png,L0.png,L0.png,8,right,new,"-373,5","-207,5","-41,5","373,5","124,5","124,5","290,5","-373,5",violet,white,green,black,no,s,"-373,5","-207,5","-41,5","373,5","124,5","124,5","290,5","-373,5",1,1,new
-295,-121,-36,-34,-214,-290,381,208,119,381,40,295,-38,-284,-118,295,132,213,-36,-372,-209,376,203,291,180,270,270,0,90,0,270,90,90,0,180,180,L0.png,L0.png,L0.png,L0.png,L0.png,L0.png,L0.png,L0.png,T0.png,L0.png,L0.png,L0.png,9,left,2,"373,5","207,5","-207,5","-290,5","-41,5","-41,5","-373,5","373,5",green,blue,red,black,yes,d,"124,5","-124,5","-207,5","-290,5","-41,5","-41,5","-373,5","373,5",1,1,old
-294,-210,-368,-373,-294,-204,213,122,48,287,45,367,-298,-368,-212,130,46,381,-215,-288,-129,131,295,42,0,180,0,90,90,270,90,0,270,270,180,180,L0.png,L0.png,L0.png,L0.png,L0.png,L0.png,L0.png,L0.png,T0.png,L0.png,L0.png,L0.png,9,right,new,"-207,5","373,5","-373,5","-124,5","-41,5","41,5","207,5","-290,5",black,violet,green,red,no,s,"-207,5","373,5","-373,5","-124,5","-41,5","41,5","207,5","-290,5",1,1,new
-39,-208,-375,-202,-299,-381,202,365,283,45,202,129,-40,-209,-131,291,203,382,-209,-124,-298,44,380,292,90,90,270,180,0,90,270,0,180,270,0,180,L0.png,T0.png,L0.png,L0.png,L0.png,L0.png,L0.png,L0.png,L0.png,L0.png,L0.png,L0.png,2,left,new,"124,5","41,5","-207,5","-373,5","290,5","-207,5","-373,5","290,5",blue,black,violet,red,no,s,"124,5","41,5","-207,5","-373,5","290,5","-207,5","-373,5","290,5",1,1,new
-288,-212,-379,-48,-127,-378,48,211,126,200,295,38,-38,-368,-127,288,202,129,-129,-369,-40,372,121,290,0,90,90,180,270,0,90,90,270,180,180,0,L0.png,L0.png,L0.png,L0.png,L0.png,L0.png,T0.png,L0.png,L0.png,L0.png,L0.png,L0.png,7,left,1,"-373,5","-207,5","-124,5","207,5","41,5","373,5","290,5","-373,5",yellow,blue,violet,white,no,s,"-373,5","-207,5","-124,5","207,5","41,5","373,5","290,5","-373,5",1,1,old
-116,-39,-206,-125,-294,-46,285,204,376,378,43,289,-294,-34,-368,33,209,117,-41,-213,-286,127,205,292,90,90,0,90,180,180,0,270,270,180,270,0,L0.png,L0.png,L0.png,L0.png,L0.png,L0.png,L0.png,L0.png,L0.png,L0.png,T0.png,L0.png,11,right,3,"41,5","373,5","290,5","41,5","-290,5","-124,5","-124,5","-290,5",white,black,yellow,red,no,s,"41,5","373,5","290,5","41,5","-290,5","-124,5","-124,5","-290,5",1,1,old
-210,-376,-127,-129,-379,-290,296,124,38,211,50,291,-377,-43,-127,215,39,374,-211,-297,-35,296,122,211,270,90,90,0,270,180,270,90,180,0,180,0,L0.png,L0.png,L0.png,L0.png,T0.png,L0.png,L0.png,L0.png,L0.png,L0.png,L0.png,L0.png,5,right,new,"290,5","-41,5","-373,5","-290,5","-207,5","373,5","124,5","124,5",red,violet,yellow,white,yes,d,"124,5","124,5","-373,5","-290,5","-207,5","373,5","124,5","124,5",1,1,new
-203,-34,-126,-119,-47,-287,124,297,366,210,291,127,-293,-378,-129,121,298,34,-208,-118,-375,205,374,126,0,90,270,270,90,0,180,0,90,180,270,180,L0.png,L0.png,L0.png,L0.png,L0.png,L0.png,L0.png,L0.png,L0.png,L0.png,T0.png,L0.png,11,right,new,"-290,5","373,5","290,5","41,5","-124,5","-124,5","124,5","207,5",red,yellow,green,black,yes,d,"41,5","-373,5","290,5","41,5","-124,5","-124,5","124,5","207,5",1,1,new
-288,-212,-379,-48,-127,-378,48,211,126,200,295,38,-38,-368,-127,288,202,129,-129,-369,-40,372,121,290,0,90,90,180,270,0,270,90,270,180,180,0,L0.png,L0.png,L0.png,L0.png,L0.png,L0.png,T0.png,L0.png,L0.png,L0.png,L0.png,L0.png,7,right,1,"-124,5","-124,5","41,5","-290,5","-373,5","290,5","373,5","41,5",red,white,green,blue,yes,d,"207,5","207,5","41,5","-290,5","-373,5","290,5","373,5","41,5",1,1,old
-376,-121,-48,-373,-298,-131,201,35,129,371,47,124,-286,-127,-34,126,45,373,-371,-48,-293,293,36,200,90,180,270,90,270,0,90,180,180,0,270,0,L0.png,L0.png,L0.png,L0.png,L0.png,L0.png,L0.png,L0.png,L0.png,L0.png,T0.png,L0.png,11,right,new,"207,5","373,5","373,5","124,5","-290,5","-207,5","-41,5","-41,5",green,white,red,yellow,no,s,"207,5","373,5","373,5","124,5","-290,5","-207,5","-41,5","-41,5",1,1,new
-295,-121,-36,-34,-214,-290,381,208,119,381,40,295,-38,-284,-118,295,132,213,-36,-372,-209,376,203,291,180,270,270,0,90,0,270,90,270,0,180,180,L0.png,L0.png,L0.png,L0.png,L0.png,L0.png,L0.png,L0.png,T0.png,L0.png,L0.png,L0.png,9,right,2,"-207,5","124,5","-373,5","-373,5","290,5","-41,5","-41,5","290,5",red,blue,green,yellow,no,s,"-207,5","124,5","-373,5","-373,5","290,5","-41,5","-41,5","290,5",1,1,old
-369,-215,-130,-120,-376,-215,372,123,209,375,284,200,-285,-375,-208,41,373,212,-34,-376,-295,131,375,40,270,0,180,270,90,180,90,180,0,270,0,90,T0.png,L0.png,L0.png,L0.png,L0.png,L0.png,L0.png,L0.png,L0.png,L0.png,L0.png,L0.png,1,right,new,"-124,5","-290,5","-290,5","-41,5","124,5","290,5","290,5","124,5",blue,red,violet,black,yes,d,"124,5","373,5","-290,5","-41,5","124,5","290,5","290,5","124,5",1,1,new
-44,-296,-212,-212,-46,-119,49,287,125,44,299,203,-368,-47,-202,202,366,122,-118,-297,-42,37,293,211,90,270,180,180,90,0,0,270,90,0,90,180,L0.png,L0.png,L0.png,L0.png,L0.png,L0.png,L0.png,L0.png,T0.png,L0.png,L0.png,L0.png,9,left,12,"207,5","41,5","-41,5","-124,5","-373,5","-290,5","373,5","290,5",white,violet,green,red,yes,d,"-207,5","-290,5","-41,5","-124,5","-373,5","-290,5","373,5","290,5",1,1,old
-203,-289,-129,-379,-37,-130,367,202,294,203,296,123,-379,-207,-47,43,368,290,-42,-294,-381,284,200,50,180,90,90,0,270,180,270,0,90,0,90,180,L0.png,L0.png,L0.png,L0.png,L0.png,L0.png,L0.png,L0.png,T0.png,L0.png,L0.png,L0.png,9,left,11,"373,5","207,5","-41,5","41,5","-207,5","-373,5","124,5","-207,5",blue,black,yellow,red,no,s,"373,5","207,5","-41,5","41,5","-207,5","-373,5","124,5","-207,5",1,1,old
-282,-132,-44,-203,-130,-40,38,123,298,202,49,288,-132,-200,-40,296,203,128,-367,-117,-212,210,128,290,90,180,90,270,270,0,180,270,90,0,180,0,L0.png,L0.png,L0.png,L0.png,T0.png,L0.png,L0.png,L0.png,L0.png,L0.png,L0.png,L0.png,5,right,8,"-373,5","373,5","290,5","-373,5","-207,5","124,5","41,5","-124,5",red,green,black,blue,no,s,"-373,5","373,5","290,5","-373,5","-207,5","124,5","41,5","-124,5",1,1,old
-375,-44,-205,-214,-377,-294,295,211,372,378,293,47,-34,-296,-373,206,40,366,-297,-371,-211,203,283,367,90,90,90,180,270,270,270,0,180,180,0,0,L0.png,L0.png,L0.png,L0.png,L0.png,T0.png,L0.png,L0.png,L0.png,L0.png,L0.png,L0.png,6,right,new,"-124,5","373,5","373,5","124,5","-373,5","-207,5","124,5","-41,5",red,blue,white,black,no,s,"-124,5","373,5","373,5","124,5","-373,5","-207,5","124,5","-41,5",1,1,new
-377,-287,-119,-117,-284,-376,204,124,35,124,46,367,-294,-373,-122,215,34,377,-211,-379,-123,117,294,200,270,180,0,0,180,270,0,180,270,90,90,90,T0.png,L0.png,L0.png,L0.png,L0.png,L0.png,L0.png,L0.png,L0.png,L0.png,L0.png,L0.png,1,right,new,"-124,5","41,5","124,5","373,5","290,5","-290,5","-290,5","-124,5",blue,black,yellow,green,no,s,"-124,5","41,5","124,5","373,5","290,5","-290,5","-290,5","-124,5",1,1,new
-282,-127,-36,-371,-49,-294,298,125,37,123,298,213,-298,-365,-119,290,216,124,-291,-369,-202,381,35,206,270,0,90,180,0,90,270,90,0,180,180,270,L0.png,L0.png,L0.png,L0.png,L0.png,L0.png,T0.png,L0.png,L0.png,L0.png,L0.png,L0.png,7,right,new,"41,5","-373,5","373,5","-207,5","-373,5","124,5","207,5","373,5",blue,black,green,yellow,yes,d,"-124,5","124,5","373,5","-207,5","-373,5","124,5","207,5","373,5",1,1,new
-373,-117,-34,-293,-373,-128,374,205,117,211,42,127,-370,-215,-117,211,37,125,-44,-286,-379,204,50,118,90,180,90,180,0,0,270,270,90,0,270,180,L0.png,L0.png,L0.png,L0.png,L0.png,L0.png,L0.png,L0.png,L0.png,L0.png,T0.png,L0.png,11,right,new,"207,5","373,5","-290,5","-290,5","-124,5","124,5","373,5","-124,5",yellow,red,black,white,no,s,"207,5","373,5","-290,5","-290,5","-124,5","124,5","373,5","-124,5",1,1,new
-369,-283,-209,-285,-48,-200,380,203,289,373,202,42,-372,-35,-293,208,380,47,-374,-210,-44,202,125,366,0,90,180,270,90,90,0,270,180,0,180,270,L0.png,L0.png,L0.png,T0.png,L0.png,L0.png,L0.png,L0.png,L0.png,L0.png,L0.png,L0.png,4,right,new,"290,5","-207,5","-207,5","41,5","-41,5","373,5","124,5","207,5",yellow,blue,violet,red,no,s,"290,5","-207,5","-207,5","41,5","-41,5","373,5","124,5","207,5",1,1,new
-282,-132,-44,-203,-130,-40,38,123,298,202,49,288,-132,-200,-40,296,203,128,-367,-117,-212,210,128,290,90,180,90,270,270,0,180,270,90,0,180,0,L0.png,L0.png,L0.png,L0.png,T0.png,L0.png,L0.png,L0.png,L0.png,L0.png,L0.png,L0.png,5,right,8,"207,5","-124,5","-41,5","373,5","-290,5","124,5","373,5","-290,5",blue,yellow,white,black,no,s,"207,5","-124,5","-41,5","373,5","-290,5","124,5","373,5","-290,5",1,1,old
-291,-125,-34,-213,-371,-298,210,286,378,128,47,211,-366,-292,-44,366,48,133,-368,-291,-129,201,128,293,90,270,0,0,180,180,270,270,0,90,180,90,L0.png,L0.png,L0.png,L0.png,L0.png,L0.png,L0.png,L0.png,L0.png,L0.png,L0.png,T0.png,12,left,new,"-290,5","-41,5","373,5","-373,5","124,5","-207,5","-124,5","207,5",green,yellow,violet,black,no,s,"-290,5","-41,5","373,5","-373,5","124,5","-207,5","-124,5","207,5",1,1,new
-37,-121,-285,-214,-376,-120,43,204,298,118,296,36,-205,-125,-286,130,380,202,-124,-366,-45,298,41,369,270,90,0,270,0,180,90,270,0,180,90,180,L0.png,L0.png,L0.png,L0.png,L0.png,L0.png,L0.png,T0.png,L0.png,L0.png,L0.png,L0.png,8,right,10,"-41,5","-41,5","373,5","124,5","207,5","373,5","-207,5","-207,5",black,green,violet,yellow,no,s,"-41,5","-41,5","373,5","124,5","207,5","373,5","-207,5","-207,5",1,1,old
-201,-298,-39,-36,-129,-373,370,45,283,366,299,41,-36,-201,-283,35,284,208,-297,-121,-200,202,124,295,180,270,0,180,90,270,180,0,270,0,90,90,L0.png,L0.png,L0.png,L0.png,L0.png,L0.png,L0.png,L0.png,L0.png,L0.png,L0.png,T0.png,12,left,new,"41,5","290,5","-124,5","-290,5","373,5","-41,5","-373,5","124,5",blue,violet,yellow,green,no,s,"41,5","290,5","-124,5","-290,5","373,5","-41,5","-373,5","124,5",1,1,new
-298,-367,-43,-131,-294,-46,130,373,38,133,369,286,-368,-296,-118,206,293,127,-289,-132,-213,374,288,211,180,0,90,270,0,90,90,180,270,0,180,270,L0.png,L0.png,L0.png,T0.png,L0.png,L0.png,L0.png,L0.png,L0.png,L0.png,L0.png,L0.png,4,right,new,"124,5","41,5","-41,5","373,5","-290,5","-124,5","290,5","-373,5",yellow,blue,violet,green,yes,d,"-207,5","-124,5","-41,5","373,5","-290,5","-124,5","290,5","-373,5",1,1,new
-116,-39,-206,-125,-294,-46,285,204,376,378,43,289,-294,-34,-368,33,209,117,-41,-213,-286,127,205,292,90,90,0,90,180,180,0,270,270,180,90,0,L0.png,L0.png,L0.png,L0.png,L0.png,L0.png,L0.png,L0.png,L0.png,L0.png,T0.png,L0.png,11,left,3,"-290,5","124,5","-124,5","-373,5","124,5","-41,5","373,5","373,5",violet,white,green,black,yes,d,"124,5","-207,5","-124,5","-373,5","124,5","-41,5","373,5","373,5",1,1,old
-116,-39,-206,-125,-294,-46,285,204,376,378,43,289,-294,-34,-368,33,209,117,-41,-213,-286,127,205,292,90,90,0,90,180,180,0,270,270,180,90,0,L0.png,L0.png,L0.png,L0.png,L0.png,L0.png,L0.png,L0.png,L0.png,L0.png,T0.png,L0.png,11,left,3,"-41,5","373,5","-207,5","-41,5","373,5","-207,5","-373,5","207,5",yellow,black,violet,green,yes,d,"-373,5","-290,5","-207,5","-41,5","373,5","-207,5","-373,5","207,5",1,1,old
-288,-212,-379,-48,-127,-378,48,211,126,200,295,38,-38,-368,-127,288,202,129,-129,-369,-40,372,121,290,0,90,90,180,270,0,90,90,270,180,180,0,L0.png,L0.png,L0.png,L0.png,L0.png,L0.png,T0.png,L0.png,L0.png,L0.png,L0.png,L0.png,7,left,1,"-124,5","-373,5","41,5","-207,5","290,5","124,5","-373,5","-41,5",green,red,violet,white,yes,d,"207,5","-41,5","41,5","-207,5","290,5","124,5","-373,5","-41,5",1,1,old
-203,-289,-129,-379,-37,-130,367,202,294,203,296,123,-379,-207,-47,43,368,290,-42,-294,-381,284,200,50,180,90,90,0,270,180,270,0,90,0,90,180,L0.png,L0.png,L0.png,L0.png,L0.png,L0.png,L0.png,L0.png,T0.png,L0.png,L0.png,L0.png,9,left,11,"-41,5","41,5","124,5","-373,5","-290,5","207,5","290,5","-124,5",yellow,green,red,violet,no,s,"-41,5","41,5","124,5","-373,5","-290,5","207,5","290,5","-124,5",1,1,old
-283,-126,-38,-48,-377,-215,213,284,378,381,208,129,-370,-119,-43,283,381,125,-45,-376,-287,118,209,39,180,90,90,0,270,0,180,90,270,270,0,180,L0.png,L0.png,L0.png,L0.png,L0.png,L0.png,L0.png,T0.png,L0.png,L0.png,L0.png,L0.png,8,left,new,"41,5","124,5","-290,5","-41,5","-124,5","-290,5","207,5","373,5",violet,white,blue,black,yes,d,"-124,5","-207,5","-290,5","-41,5","-124,5","-290,5","207,5","373,5",1,1,new
-130,-204,-35,-130,-208,-34,49,127,216,368,131,294,-283,-380,-201,377,212,284,-37,-379,-123,375,291,45,180,0,90,180,270,0,0,270,90,90,270,180,L0.png,L0.png,L0.png,L0.png,L0.png,L0.png,L0.png,L0.png,L0.png,L0.png,T0.png,L0.png,11,right,new,"-373,5","124,5","124,5","-373,5","290,5","290,5","-207,5","-207,5",red,green,white,violet,yes,d,"-41,5","-207,5","124,5","-373,5","290,5","290,5","-207,5","-207,5",1,1,new
-48,-127,-368,-124,-211,-382,130,204,36,377,297,214,-374,-48,-290,49,131,202,-379,-121,-284,376,35,291,0,180,0,90,90,270,270,180,180,0,270,90,L0.png,L0.png,L0.png,T0.png,L0.png,L0.png,L0.png,L0.png,L0.png,L0.png,L0.png,L0.png,4,left,new,"207,5","373,5","-373,5","-124,5","-124,5","207,5","373,5","-373,5",red,violet,blue,yellow,yes,d,"-207,5","-290,5","-373,5","-124,5","-124,5","207,5","373,5","-373,5",1,1,new
-208,-374,-36,-291,-366,-44,370,117,292,215,372,296,-203,-282,-39,208,283,376,-292,-40,-124,126,214,284,0,180,180,180,0,90,270,90,270,270,90,0,L0.png,L0.png,L0.png,L0.png,L0.png,T0.png,L0.png,L0.png,L0.png,L0.png,L0.png,L0.png,6,left,new,"-124,5","-124,5","-290,5","-373,5","207,5","373,5","373,5","124,5",white,violet,black,blue,no,s,"-124,5","-124,5","-290,5","-373,5","207,5","373,5","373,5","124,5",1,1,new
-37,-121,-285,-214,-376,-120,43,204,298,118,296,36,-205,-125,-286,130,380,202,-124,-366,-45,298,41,369,270,90,0,270,0,180,90,270,0,180,90,180,L0.png,L0.png,L0.png,L0.png,L0.png,L0.png,L0.png,T0.png,L0.png,L0.png,L0.png,L0.png,8,right,10,"-373,5","290,5","124,5","-373,5","290,5","124,5","-124,5","-207,5",yellow,green,white,red,yes,d,"373,5","-41,5","124,5","-373,5","290,5","124,5","-124,5","-207,5",1,1,old
-126,-293,-212,-133,-295,-46,205,290,371,210,42,288,-373,-116,-201,117,375,42,-40,-284,-381,286,38,375,0,270,0,90,180,90,0,180,270,90,270,180,L0.png,L0.png,L0.png,L0.png,L0.png,L0.png,L0.png,L0.png,T0.png,L0.png,L0.png,L0.png,9,right,new,"290,5","-124,5","-41,5","-290,5","124,5","207,5","-207,5","41,5",yellow,green,violet,black,yes,d,"-290,5","124,5","-41,5","-290,5","124,5","207,5","-207,5","41,5",1,1,new
-43,-124,-212,-39,-371,-212,45,199,293,118,42,214,-202,-294,-367,378,292,201,-204,-44,-117,376,122,37,0,0,180,180,90,270,180,270,0,90,90,270,L0.png,L0.png,L0.png,L0.png,L0.png,L0.png,L0.png,L0.png,L0.png,T0.png,L0.png,L0.png,10,left,new,"-373,5","-207,5","-207,5","-373,5","-41,5","124,5","124,5","373,5",red,black,yellow,green,no,s,"-373,5","-207,5","-207,5","-373,5","-41,5","124,5","124,5","373,5",1,1,new
-295,-121,-36,-34,-214,-290,381,208,119,381,40,295,-38,-284,-118,295,132,213,-36,-372,-209,376,203,291,180,270,270,0,90,0,270,90,90,0,180,180,L0.png,L0.png,L0.png,L0.png,L0.png,L0.png,L0.png,L0.png,T0.png,L0.png,L0.png,L0.png,9,left,2,"373,5","-373,5","-207,5","-124,5","124,5","41,5","-373,5","290,5",green,blue,violet,white,no,s,"373,5","-373,5","-207,5","-124,5","124,5","41,5","-373,5","290,5",1,1,old
-34,-367,-205,-38,-201,-132,40,373,283,44,286,375,-287,-132,-216,381,119,286,-202,-292,-128,120,204,38,180,90,90,180,0,270,90,270,180,0,270,0,L0.png,L0.png,L0.png,L0.png,L0.png,L0.png,T0.png,L0.png,L0.png,L0.png,L0.png,L0.png,7,left,new,"-41,5","290,5","-373,5","124,5","124,5","-373,5","373,5","-207,5",black,violet,blue,red,yes,d,"-207,5","-207,5","-373,5","124,5","124,5","-373,5","373,5","-207,5",1,1,new
-44,-379,-284,-131,-213,-43,288,211,117,38,128,212,-131,-381,-292,201,130,41,-133,-214,-375,214,125,370,180,0,90,270,270,90,0,270,90,0,180,180,L0.png,L0.png,L0.png,L0.png,L0.png,T0.png,L0.png,L0.png,L0.png,L0.png,L0.png,L0.png,6,left,4,"41,5","-207,5","-290,5","-373,5","-124,5","124,5","207,5","-41,5",black,green,white,red,no,s,"41,5","-207,5","-290,5","-373,5","-124,5","124,5","207,5","-41,5",1,1,old
-50,-372,-205,-118,-298,-47,34,206,285,130,44,379,-381,-41,-121,370,297,118,-293,-380,-49,213,44,298,180,270,270,0,90,0,180,0,90,90,180,270,L0.png,T0.png,L0.png,L0.png,L0.png,L0.png,L0.png,L0.png,L0.png,L0.png,L0.png,L0.png,2,right,new,"-41,5","124,5","124,5","373,5","-290,5","-373,5","373,5","-207,5",green,black,red,white,yes,d,"290,5","-207,5","124,5","373,5","-290,5","-373,5","373,5","-207,5",1,1,new
-44,-379,-284,-131,-213,-43,288,211,117,38,128,212,-131,-381,-292,201,130,41,-133,-214,-375,214,125,370,180,0,90,270,270,90,0,270,90,0,180,180,L0.png,L0.png,L0.png,L0.png,L0.png,T0.png,L0.png,L0.png,L0.png,L0.png,L0.png,L0.png,6,left,4,"41,5","41,5","-373,5","373,5","290,5","207,5","-207,5","-290,5",yellow,blue,white,green,no,s,"41,5","41,5","-373,5","373,5","290,5","207,5","-207,5","-290,5",1,1,old
-212,-43,-283,-209,-39,-120,132,375,200,132,208,285,-216,-41,-128,289,200,381,-129,-47,-208,39,130,207,270,0,270,0,180,0,90,180,90,90,270,180,T0.png,L0.png,L0.png,L0.png,L0.png,L0.png,L0.png,L0.png,L0.png,L0.png,L0.png,L0.png,1,right,new,"-41,5","-41,5","373,5","-207,5","-290,5","-373,5","124,5","373,5",green,white,black,yellow,yes,d,"124,5","373,5","373,5","-207,5","-290,5","-373,5","124,5","373,5",1,1,new
-207,-296,-41,-299,-43,-126,40,132,299,36,288,211,-214,-286,-41,290,374,131,-37,-295,-216,44,116,370,90,180,270,0,270,90,180,90,0,180,270,0,L0.png,L0.png,L0.png,L0.png,L0.png,L0.png,L0.png,T0.png,L0.png,L0.png,L0.png,L0.png,8,left,6,"-373,5","-41,5","41,5","124,5","207,5","-207,5","373,5","373,5",red,black,green,white,yes,d,"207,5","373,5","41,5","124,5","207,5","-207,5","373,5","373,5",1,1,old
-36,-284,-381,-287,-41,-122,212,127,380,124,285,39,-127,-377,-48,297,381,44,-47,-123,-288,381,288,42,90,0,90,270,180,180,0,270,270,90,0,180,L0.png,L0.png,T0.png,L0.png,L0.png,L0.png,L0.png,L0.png,L0.png,L0.png,L0.png,L0.png,3,left,new,"-124,5","290,5","373,5","-41,5","124,5","-207,5","-290,5","124,5",green,violet,red,blue,no,s,"-124,5","290,5","373,5","-41,5","124,5","-207,5","-290,5","124,5",1,1,new
-44,-379,-284,-131,-213,-43,288,211,117,38,128,212,-131,-381,-292,201,130,41,-133,-214,-375,214,125,370,180,0,90,270,270,270,0,270,90,0,180,180,L0.png,L0.png,L0.png,L0.png,L0.png,T0.png,L0.png,L0.png,L0.png,L0.png,L0.png,L0.png,6,right,4,"-373,5","-373,5","373,5","-207,5","207,5","207,5","-124,5","41,5",violet,yellow,red,blue,yes,d,"-207,5","290,5","373,5","-207,5","207,5","207,5","-124,5","41,5",1,1,old
-44,-379,-284,-131,-213,-43,288,211,117,38,128,212,-131,-381,-292,201,130,41,-133,-214,-375,214,125,370,180,0,90,270,270,90,0,270,90,0,180,180,L0.png,L0.png,L0.png,L0.png,L0.png,T0.png,L0.png,L0.png,L0.png,L0.png,L0.png,L0.png,6,left,4,"-290,5","124,5","-124,5","-373,5","373,5","373,5","124,5","-41,5",green,red,yellow,violet,yes,d,"290,5","290,5","-124,5","-373,5","373,5","373,5","124,5","-41,5",1,1,old
-381,-202,-129,-125,-372,-293,374,41,121,288,209,117,-374,-125,-294,282,200,371,-286,-43,-126,373,36,123,90,0,180,270,90,90,0,180,90,180,270,0,L0.png,L0.png,L0.png,L0.png,L0.png,T0.png,L0.png,L0.png,L0.png,L0.png,L0.png,L0.png,6,left,5,"-373,5","-290,5","41,5","41,5","373,5","373,5","207,5","207,5",yellow,white,black,violet,yes,d,"-207,5","290,5","41,5","41,5","373,5","373,5","207,5","207,5",1,1,old
-297,-373,-211,-129,-287,-203,121,41,374,372,289,44,-34,-379,-120,377,296,200,-284,-209,-35,129,38,380,270,180,0,0,90,270,90,180,0,90,180,270,L0.png,L0.png,L0.png,L0.png,L0.png,L0.png,L0.png,L0.png,L0.png,T0.png,L0.png,L0.png,10,left,new,"373,5","207,5","41,5","41,5","-124,5","-207,5","207,5","373,5",blue,red,white,black,yes,d,"-207,5","-207,5","41,5","41,5","-124,5","-207,5","207,5","373,5",1,1,new
-282,-132,-44,-203,-130,-40,38,123,298,202,49,288,-132,-200,-40,296,203,128,-367,-117,-212,210,128,290,90,180,90,270,270,0,180,270,90,0,180,0,L0.png,L0.png,L0.png,L0.png,T0.png,L0.png,L0.png,L0.png,L0.png,L0.png,L0.png,L0.png,5,right,8,"-290,5","-373,5","41,5","290,5","207,5","-207,5","-124,5","-41,5",red,white,black,blue,yes,d,"207,5","41,5","41,5","290,5","207,5","-207,5","-124,5","-41,5",1,1,old
-44,-296,-212,-212,-46,-119,49,287,125,44,299,203,-368,-47,-202,202,366,122,-118,-297,-42,37,293,211,90,270,180,180,90,0,0,270,90,0,90,180,L0.png,L0.png,L0.png,L0.png,L0.png,L0.png,L0.png,L0.png,T0.png,L0.png,L0.png,L0.png,9,left,12,"373,5","-124,5","-124,5","290,5","124,5","41,5","-290,5","-290,5",violet,white,blue,red,no,s,"373,5","-124,5","-124,5","290,5","124,5","41,5","-290,5","-290,5",1,1,old
-44,-296,-212,-212,-46,-119,49,287,125,44,299,203,-368,-47,-202,202,366,122,-118,-297,-42,37,293,211,90,270,180,180,90,0,0,270,90,0,90,180,L0.png,L0.png,L0.png,L0.png,L0.png,L0.png,L0.png,L0.png,T0.png,L0.png,L0.png,L0.png,9,left,12,"-373,5","-124,5","290,5","41,5","124,5","-373,5","-124,5","290,5",blue,green,violet,red,no,s,"-373,5","-124,5","290,5","41,5","124,5","-373,5","-124,5","290,5",1,1,old
-381,-202,-129,-125,-372,-293,374,41,121,288,209,117,-374,-125,-294,282,200,371,-286,-43,-126,373,36,123,90,0,180,270,90,90,0,180,90,180,270,0,L0.png,L0.png,L0.png,L0.png,L0.png,T0.png,L0.png,L0.png,L0.png,L0.png,L0.png,L0.png,6,left,5,"-290,5","41,5","-124,5","373,5","290,5","-124,5","41,5","-290,5",yellow,violet,blue,red,yes,d,"124,5","207,5","-124,5","373,5","290,5","-124,5","41,5","-290,5",1,1,old
-123,-204,-37,-216,-41,-375,286,372,34,375,209,46,-125,-209,-375,121,370,298,-296,-38,-367,200,381,128,270,0,0,180,180,90,90,270,90,0,180,270,L0.png,L0.png,L0.png,L0.png,L0.png,L0.png,L0.png,T0.png,L0.png,L0.png,L0.png,L0.png,8,right,new,"373,5","-290,5","207,5","-41,5","-124,5","373,5","41,5","124,5",green,violet,white,blue,yes,d,"41,5","373,5","207,5","-41,5","-124,5","373,5","41,5","124,5",1,1,new
-381,-202,-129,-125,-372,-293,374,41,121,288,209,117,-374,-125,-294,282,200,371,-286,-43,-126,373,36,123,90,0,180,270,90,90,0,180,90,180,270,0,L0.png,L0.png,L0.png,L0.png,L0.png,T0.png,L0.png,L0.png,L0.png,L0.png,L0.png,L0.png,6,left,5,"-41,5","-290,5","207,5","-124,5","-373,5","290,5","-207,5","41,5",blue,red,yellow,white,yes,d,"-207,5","373,5","207,5","-124,5","-373,5","290,5","-207,5","41,5",1,1,old
-210,-119,-377,-124,-200,-38,39,294,373,286,375,204,-48,-127,-288,292,132,380,-40,-297,-127,121,287,38,180,90,90,0,270,270,270,0,180,0,90,180,L0.png,L0.png,T0.png,L0.png,L0.png,L0.png,L0.png,L0.png,L0.png,L0.png,L0.png,L0.png,3,left,new,"373,5","207,5","-207,5","373,5","-373,5","-290,5","124,5","-124,5",yellow,green,white,black,yes,d,"-41,5","-41,5","-207,5","373,5","-373,5","-290,5","124,5","-124,5",1,1,new
-287,-203,-127,-123,-205,-283,296,120,42,124,373,296,-288,-129,-206,283,200,366,-49,-200,-288,376,287,44,180,0,90,180,90,270,180,90,90,0,270,0,L0.png,L0.png,L0.png,L0.png,T0.png,L0.png,L0.png,L0.png,L0.png,L0.png,L0.png,L0.png,5,left,7,"-124,5","-290,5","41,5","41,5","373,5","207,5","-290,5","-124,5",green,red,yellow,black,yes,d,"290,5","373,5","41,5","41,5","373,5","207,5","-290,5","-124,5",1,1,old
-44,-379,-284,-131,-213,-43,288,211,117,38,128,212,-131,-381,-292,201,130,41,-133,-214,-375,214,125,370,180,0,90,270,270,90,0,270,90,0,180,180,L0.png,L0.png,L0.png,L0.png,L0.png,T0.png,L0.png,L0.png,L0.png,L0.png,L0.png,L0.png,6,left,4,"-124,5","373,5","41,5","207,5","-290,5","-124,5","207,5","-373,5",violet,black,blue,red,no,s,"-124,5","373,5","41,5","207,5","-290,5","-124,5","207,5","-373,5",1,1,old
-282,-132,-44,-203,-130,-40,38,123,298,202,49,288,-132,-200,-40,296,203,128,-367,-117,-212,210,128,290,90,180,90,270,90,0,180,270,90,0,180,0,L0.png,L0.png,L0.png,L0.png,T0.png,L0.png,L0.png,L0.png,L0.png,L0.png,L0.png,L0.png,5,left,8,"207,5","-373,5","373,5","207,5","-373,5","-207,5","-124,5","-41,5",violet,green,yellow,red,yes,d,"-207,5","373,5","373,5","207,5","-373,5","-207,5","-124,5","-41,5",1,1,old
-116,-39,-206,-125,-294,-46,285,204,376,378,43,289,-294,-34,-368,33,209,117,-41,-213,-286,127,205,292,90,90,0,90,180,180,0,270,270,180,270,0,L0.png,L0.png,L0.png,L0.png,L0.png,L0.png,L0.png,L0.png,L0.png,L0.png,T0.png,L0.png,11,right,3,"207,5","373,5","41,5","-207,5","-207,5","-41,5","-373,5","124,5",white,green,red,black,yes,d,"-290,5","124,5","41,5","-207,5","-207,5","-41,5","-373,5","124,5",1,1,old
-294,-124,-203,-215,-123,-41,128,376,41,203,46,377,-205,-48,-372,200,34,371,-43,-378,-119,122,200,372,180,90,0,270,90,180,0,90,270,270,0,180,L0.png,T0.png,L0.png,L0.png,L0.png,L0.png,L0.png,L0.png,L0.png,L0.png,L0.png,L0.png,2,left,new,"290,5","-207,5","-290,5","-373,5","-124,5","124,5","124,5","373,5",violet,yellow,red,black,yes,d,"-41,5","-41,5","-290,5","-373,5","-124,5","124,5","124,5","373,5",1,1,new
-292,-370,-37,-372,-204,-41,44,131,381,44,200,129,-131,-380,-42,129,46,293,-118,-47,-215,295,44,124,270,270,0,180,0,90,90,90,180,180,0,270,L0.png,L0.png,L0.png,L0.png,L0.png,T0.png,L0.png,L0.png,L0.png,L0.png,L0.png,L0.png,6,left,new,"-373,5","290,5","-207,5","41,5","-41,5","-207,5","207,5","-373,5",violet,green,yellow,white,no,s,"-373,5","290,5","-207,5","41,5","-41,5","-207,5","207,5","-373,5",1,1,new
-125,-38,-294,-380,-49,-129,375,297,40,41,296,208,-117,-205,-365,372,130,282,-212,-49,-380,124,367,213,180,270,270,90,90,180,0,180,0,0,270,90,L0.png,L0.png,L0.png,L0.png,T0.png,L0.png,L0.png,L0.png,L0.png,L0.png,L0.png,L0.png,5,left,new,"-373,5","-290,5","-41,5","-124,5","124,5","207,5","373,5","41,5",red,black,yellow,green,no,s,"-373,5","-290,5","-41,5","-124,5","124,5","207,5","373,5","41,5",1,1,new
-38,-125,-294,-203,-129,-295,298,118,47,40,214,366,-124,-367,-207,49,122,286,-297,-372,-199,292,121,371,270,180,90,90,90,0,0,0,270,270,180,180,L0.png,L0.png,L0.png,L0.png,L0.png,L0.png,L0.png,L0.png,L0.png,T0.png,L0.png,L0.png,10,right,new,"-207,5","-124,5","290,5","41,5","-373,5","207,5","-41,5","-290,5",violet,black,blue,white,no,s,"-207,5","-124,5","290,5","41,5","-373,5","207,5","-41,5","-290,5",1,1,new
-367,-126,-296,-200,-296,-36,126,377,215,214,379,125,-375,-205,-123,295,132,33,-201,-46,-289,285,203,44,90,270,180,90,180,90,0,0,0,270,270,180,L0.png,L0.png,L0.png,L0.png,L0.png,T0.png,L0.png,L0.png,L0.png,L0.png,L0.png,L0.png,6,left,new,"-290,5","207,5","-41,5","-373,5","373,5","41,5","124,5","373,5",blue,white,yellow,red,yes,d,"373,5","-41,5","-41,5","-373,5","373,5","41,5","124,5","373,5",1,1,new
-123,-206,-293,-126,-372,-211,369,201,125,214,285,35,-34,-381,-291,285,39,214,-285,-47,-121,292,214,381,180,90,270,90,0,0,180,270,180,90,270,0,L0.png,L0.png,T0.png,L0.png,L0.png,L0.png,L0.png,L0.png,L0.png,L0.png,L0.png,L0.png,3,right,new,"-373,5","-124,5","-207,5","41,5","373,5","207,5","41,5","-373,5",red,blue,green,yellow,yes,d,"290,5","-373,5","-207,5","41,5","373,5","207,5","41,5","-373,5",1,1,new
-200,-130,-369,-132,-200,-375,120,381,288,370,215,33,-35,-295,-119,208,49,372,-369,-121,-288,370,46,295,180,90,270,180,0,270,90,180,0,90,270,0,L0.png,L0.png,L0.png,L0.png,L0.png,T0.png,L0.png,L0.png,L0.png,L0.png,L0.png,L0.png,6,right,new,"-41,5","-373,5","-290,5","373,5","373,5","-124,5","207,5","41,5",violet,blue,white,black,yes,d,"373,5","-41,5","-290,5","373,5","373,5","-124,5","207,5","41,5",1,1,new
-381,-202,-129,-125,-372,-293,374,41,121,288,209,117,-374,-125,-294,282,200,371,-286,-43,-126,373,36,123,90,0,180,270,90,90,0,180,90,180,270,0,L0.png,L0.png,L0.png,L0.png,L0.png,T0.png,L0.png,L0.png,L0.png,L0.png,L0.png,L0.png,6,left,5,"-207,5","290,5","373,5","-41,5","-373,5","-373,5","41,5","124,5",blue,green,yellow,red,no,s,"-207,5","290,5","373,5","-41,5","-373,5","-373,5","41,5","124,5",1,1,old
-378,-35,-290,-366,-49,-209,372,121,47,376,294,36,-381,-38,-121,210,132,375,-204,-41,-376,291,46,380,0,180,90,270,0,180,270,90,0,270,90,180,L0.png,L0.png,L0.png,L0.png,L0.png,L0.png,T0.png,L0.png,L0.png,L0.png,L0.png,L0.png,7,right,new,"373,5","290,5","207,5","-373,5","41,5","-41,5","-207,5","-207,5",white,blue,yellow,black,yes,d,"-41,5","124,5","207,5","-373,5","41,5","-41,5","-207,5","-207,5",1,1,new
-40,-203,-367,-282,-375,-43,38,291,203,118,35,213,-207,-286,-42,49,380,298,-47,-127,-212,207,129,35,90,270,0,0,90,270,90,180,180,270,0,180,L0.png,L0.png,L0.png,L0.png,T0.png,L0.png,L0.png,L0.png,L0.png,L0.png,L0.png,L0.png,5,left,new,"-124,5","-207,5","373,5","41,5","-373,5","207,5","207,5","-373,5",green,red,violet,black,no,s,"-124,5","-207,5","373,5","41,5","-373,5","207,5","207,5","-373,5",1,1,new
-36,-210,-122,-132,-202,-369,46,294,125,368,126,45,-127,-207,-376,50,297,123,-293,-38,-378,290,377,125,180,0,90,180,0,270,90,0,180,90,270,270,L0.png,L0.png,L0.png,L0.png,L0.png,L0.png,L0.png,L0.png,L0.png,L0.png,T0.png,L0.png,11,right,new,"207,5","-41,5","-290,5","-290,5","373,5","373,5","-41,5","207,5",white,black,green,violet,no,s,"207,5","-41,5","-290,5","-290,5","373,5","373,5","-41,5","207,5",1,1,new
-203,-289,-129,-379,-37,-130,367,202,294,203,296,123,-379,-207,-47,43,368,290,-42,-294,-381,284,200,50,180,90,90,0,270,180,270,0,90,0,90,180,L0.png,L0.png,L0.png,L0.png,L0.png,L0.png,L0.png,L0.png,T0.png,L0.png,L0.png,L0.png,9,left,11,"373,5","373,5","-124,5","-41,5","41,5","124,5","-290,5","-207,5",green,white,blue,violet,yes,d,"207,5","-290,5","-124,5","-41,5","41,5","124,5","-290,5","-207,5",1,1,old